id,email,username,password_hash,role,created_at,updated_at
86ca2526926641f0,customer06345@wzwvd.com,customer0,5855b5a5c5facfc06daae029db3bcc4dbc91587bf91a77b0b463c4dc5fde,CUSTOMER,2025-08-27T08:16:26.304361+00:00,2025-08-27T08:16:26.304361+00:00
334543a9300a4350,customer16447@plovn.com,customer1,599e8ce027353d4cb410af63eab59ab0ee1fdab971d30fcf9742b2ccb31f,CUSTOMER,2025-08-27T08:16:26.304361+00:00,2025-08-27T08:16:26.304361+00:00
1bf0cbca64e145a6,customer25038@fmccx.com,customer2,57bf28a75e7ede81eddeff9bbfafcebf383a0b18ba9f7abaaf6a2ae0c2ae,CUSTOMER,2025-08-27T08:16:26.304361+00:00,2025-08-27T08:16:26.304361+00:00
62c245c5c87d43b5,customer31885@dfcrb.com,customer3,bb6349a88b14e43401ecf1db6a9bfcffd3e69d2fde53ac6b8a505ffdd18d,CUSTOMER,2025-08-27T08:16:26.304361+00:00,2025-08-27T08:16:26.304361+00:00
b8be57bc7f8142b6,customer43993@kmpeu.com,customer4,d69cd40dc0aad163ceec1e3edde4be943d1d66e0bec20e24d5a45a94c4cd,CUSTOMER,2025-08-27T08:16:26.304361+00:00,2025-08-27T08:16:26.304361+00:00
8f4d9f792a2946f4,customer53619@tguyo.com,customer5,d47714a6ac8daeba2a51acaf2edd31bce24fd0ecf05bfea390c96dbfaf5c,CUSTOMER,2025-08-27T08:16:26.304361+00:00,2025-08-27T08:16:26.304361+00:00
a56fababfb884904,customer63783@pklmu.com,customer6,a9abbc92eb38cc7bd3ec083d4d865ec37cf1c4b55c7f136ddc21ff844d4c,CUSTOMER,2025-08-27T08:16:26.304361+00:00,2025-08-27T08:16:26.304361+00:00
27046390da2f4444,customer76376@hprrt.com,customer7,e3058c21c16a388e8e3ce1dea50eacfb9e578a4ab38bedea659d05db7fba,CUSTOMER,2025-08-27T08:16:26.304361+00:00,2025-08-27T08:16:26.304361+00:00
d8671938a776414f,customer86993@xjsmt.com,customer8,c49cfef20d27ebfbc791b1b682d6edbe2af7a5e54c8fd0afec05ef0ae372,CUSTOMER,2025-08-27T08:16:26.304361+00:00,2025-08-27T08:16:26.304361+00:00
1abcfaa6bf524fea,customer93985@fikef.com,customer9,8bfda01ed15e35fb16cc8deb2bf67fc2d039cbd9ab0c62cebd34dadb7adb,CUSTOMER,2025-08-27T08:16:26.304361+00:00,2025-08-27T08:16:26.304361+00:00
46f69bff872742a6,customer109296@illnk.com,customer10,4e09a9bbfc0d497208ed368d4cde9e3347ffafc14b22c272ad2124bdaada,CUSTOMER,2025-08-27T08:16:26.304361+00:00,2025-08-27T08:16:26.304361+00:00
736db0437ccb49d8,customer117860@xcqco.com,customer11,fb43123adc1cddd8b8f68cfaceaf7c653ff1b78f55d7db1b1896bc6a81a2,CUSTOMER,2025-08-27T08:16:26.304361+00:00,2025-08-27T08:16:26.304361+00:00
dc30d63f568c4eae,customer126528@nebmf.com,customer12,4062e6f962adcd7e20dd7a56c6cc226abc98bc1ec631ac5399b5a6c7ce3f,CUSTOMER,2025-08-27T08:16:26.304361+00:00,2025-08-27T08:16:26.304361+00:00
d55b7722e7754218,customer137863@rstjc.com,customer13,c7bad9a8d829be2d9bf5ad33db85c4debe547fa7ecf03316a5d1ee84f1dc,CUSTOMER,2025-08-27T08:16:26.304361+00:00,2025-08-27T08:16:26.304361+00:00
fb70564160e845c1,customer140716@huotq.com,customer14,da489bb6cb2cf4fca34c8ea94c87adb2c631daac8f24ca18e2c0fb6076dd,CUSTOMER,2025-08-27T08:16:26.304361+00:00,2025-08-27T08:16:26.304361+00:00
3d60c4b7c1c143a1,customer152361@jxwmx.com,customer15,e01e0bfa3de25cc938cb2b0cd4f1a4df0de0714ddd86f28137fabdec22af,CUSTOMER,2025-08-27T08:16:26.304361+00:00,2025-08-27T08:16:26.304361+00:00
bb56dae9f4b74391,customer166976@hljau.com,customer16,0ed33c04ab3d15a1d0be594a37ccad2c2b53ac12ecb0bc82a5cbcbc4edec,CUSTOMER,2025-08-27T08:16:26.304361+00:00,2025-08-27T08:16:26.304361+00:00
33f8ec3162e14abe,customer174000@lghjs.com,customer17,5db3c4d42c3cddc3b63ac867b98badbeef6b6c26cf5482dac8ea6cfe9842,CUSTOMER,2025-08-27T08:16:26.304361+00:00,2025-08-27T08:16:26.304361+00:00
6f61303a5dd04a15,customer182862@ozrtv.com,customer18,d59fa0deb3b6fc8d7f1ed3fdfb2db5fb39fdfc1fcb704349e21bb10ebbd9,CUSTOMER,2025-08-27T08:16:26.304361+00:00,2025-08-27T08:16:26.304361+00:00
a70eb2cadd574a44,customer199633@oubuf.com,customer19,df8bbdfbfedf54baea6ddefd92be4394db2cb88cebad1d5a633bb7ecfcfd,CUSTOMER,2025-08-27T08:16:26.304361+00:00,2025-08-27T08:16:26.304361+00:00
5806b0fbdd154322,customer207472@jhhke.com,customer20,2b4483dd84854a11df60ab54dfcdddc054fb561d8af786292de0a44e7f6f,CUSTOMER,2025-08-27T08:16:26.304361+00:00,2025-08-27T08:16:26.304361+00:00
d416ac65e4cb4a57,customer214911@pfyhr.com,customer21,6cc3e26dbe50b5ab9deb3d2f96fb4d0b9abd592e12b1b312d3cee9e1b39a,CUSTOMER,2025-08-27T08:16:26.304361+00:00,2025-08-27T08:16:26.304361+00:00
aa1ea887b63c4d3e,customer228874@zclsv.com,customer22,9e21460d05a4690fa66ed3fb101dbdb6ee26da80ccbdb42dac3dad7d4bbd,CUSTOMER,2025-08-27T08:16:26.304361+00:00,2025-08-27T08:16:26.304361+00:00
996e314c36d54825,customer237481@knlfo.com,customer23,4b7e972d2bf9b749db6e6b95c9dde1841bf7133dacff5f1fcad0f0ed4a73,CUSTOMER,2025-08-27T08:16:26.304361+00:00,2025-08-27T08:16:26.304361+00:00
cbc2cb940be44581,customer241813@tdrem.com,customer24,c1a634cc1ff19afa1fb6c225dd3e68b4b7a8a668ba4f273ea3dfa67ed424,CUSTOMER,2025-08-27T08:16:26.304361+00:00,2025-08-27T08:16:26.304361+00:00
c3f941eb216542b1,customer253819@hxefj.com,customer25,7fbaffc0dabebe18f567dcdc39e3603cd1c988abcd08df1b4a8a2b1dfbaf,CUSTOMER,2025-08-27T08:16:26.304361+00:00,2025-08-27T08:16:26.304361+00:00
cdd161a0ad8f48f1,customer262189@xlepl.com,customer26,70afeebb91be572e2cc6cba983589edea2ae032e8b390d514da3ac4c9b8f,CUSTOMER,2025-08-27T08:16:26.304361+00:00,2025-08-27T08:16:26.304361+00:00
f7994d92282d4134,customer272490@stsnc.com,customer27,29ce98892d131e81d88e0c80bcaab0ff91f75acdade8a8f0ed67298b764f,CUSTOMER,2025-08-27T08:16:26.304361+00:00,2025-08-27T08:16:26.304361+00:00
0527acdc5ad541a0,customer283132@yfxnw.com,customer28,c1d4b3f43c6bb403e1b47fa410aa99e22c1f4ddaaab63e1aac3aadb17d99,CUSTOMER,2025-08-27T08:16:26.304361+00:00,2025-08-27T08:16:26.304361+00:00
63d66f4d154540c7,customer298290@dpymb.com,customer29,d3f53e0e23e140049ffa9652a4bf143ef3db7db4c5dce09adf5ebbbdcacb,CUSTOMER,2025-08-27T08:16:26.304361+00:00,2025-08-27T08:16:26.304361+00:00
d32f27ac3560464e,customer301794@vkxzu.com,customer30,cedbd3afd8dbeccc2229af8a7e5c03bc65acdb5ecef456ace233d8dee422,CUSTOMER,2025-08-27T08:16:26.304361+00:00,2025-08-27T08:16:26.304361+00:00
6edc54a1361d4c7a,customer318859@lbsul.com,customer31,1eab8c567484bdbbea2aa58aadb3dddaa560086c4360f062ef1accdb78ec,CUSTOMER,2025-08-27T08:16:26.304361+00:00,2025-08-27T08:16:26.304361+00:00
8eaa21d5ce94459f,customer327096@dkmat.com,customer32,ab41df33ff5f9ed989020dcd4f8cc7bedcaebacdc42dceaf9fa2cc5fa8b9,CUSTOMER,2025-08-27T08:16:26.304361+00:00,2025-08-27T08:16:26.304361+00:00
993e8d14c11a4124,customer332710@xmoad.com,customer33,b7ded0383648bdcdff9a983c3fe0bda40d415a7cf4a565c0fdff58e1ebc4,CUSTOMER,2025-08-27T08:16:26.304361+00:00,2025-08-27T08:16:26.304361+00:00
8de3f554e2a34316,customer340393@bzjva.com,customer34,e3ab8b60bfcd51aa11ead036a3bf1a8e9f4f4ca9e22b62dfec65b40f5a60,CUSTOMER,2025-08-27T08:16:26.304361+00:00,2025-08-27T08:16:26.304361+00:00
7b1df889a44c4a67,customer350448@cmrle.com,customer35,afd2f8ab87e9c7354bd9ccdbcda2bb3bae37bbb67accaeb3cfff2fc1cbcf,CUSTOMER,2025-08-27T08:16:26.304361+00:00,2025-08-27T08:16:26.304361+00:00
dd9030b18b674315,customer367978@hddkr.com,customer36,dbfb8cbd4c480667beba371e9f2a6ff4e1adb17adb38eeacfe70a9ddff46,CUSTOMER,2025-08-27T08:16:26.304361+00:00,2025-08-27T08:16:26.304361+00:00
e39af51ca0d94143,customer370598@mbmmo.com,customer37,18cd85baa63accd2f7e6eea82c0daba0fd4b83bb0dfd15ca8cc06eaf1890,CUSTOMER,2025-08-27T08:16:26.304361+00:00,2025-08-27T08:16:26.304361+00:00
2516359dc709425e,customer384048@ovdkp.com,customer38,a6ca2637da4752ef4af8deeee3d510e25fcdaef6fb8d4afbba5d2d98e0e5,CUSTOMER,2025-08-27T08:16:26.304361+00:00,2025-08-27T08:16:26.304361+00:00
e43eabdd214f484b,customer390854@ituan.com,customer39,bf10862eeea47e660b3206ce726af3e57fde45eabbadc086d3e5ecd795f2,CUSTOMER,2025-08-27T08:16:26.304361+00:00,2025-08-27T08:16:26.304361+00:00
f38a1567a2bd4b38,customer407104@pdbks.com,customer40,f2da38b8c4d8cf3b4c3e3c9598146922ec106edcb4f33bff1fc759cde4e6,CUSTOMER,2025-08-27T08:16:26.304361+00:00,2025-08-27T08:16:26.304361+00:00
31ef2a773247490c,customer414705@zflev.com,customer41,17efb76be069db5e554281a61ed15cbedab0b44cedeac7345558b69e8c19,CUSTOMER,2025-08-27T08:16:26.304361+00:00,2025-08-27T08:16:26.304361+00:00
b92ad9b37a964e14,customer428558@bzdor.com,customer42,6c604eefbc396ffdfb3f8fa8539aadfe9e2e473dbde9b2ebef8eab684a91,CUSTOMER,2025-08-27T08:16:26.304361+00:00,2025-08-27T08:16:26.304361+00:00
43def340e2544c10,customer432340@urxbl.com,customer43,5c29d0da7ceb77affaeb4e4f51ade6bd9a4aa5ae4f56096929ec9a9bc6cc,CUSTOMER,2025-08-27T08:16:26.304361+00:00,2025-08-27T08:16:26.304361+00:00
5d2249e62ceb4472,customer444061@qlbfv.com,customer44,fdcea7dd7addecd7e0b46e6e0b7ee9c70b5d6a8a53ad57def1f4c31bcae3,CUSTOMER,2025-08-27T08:16:26.304361+00:00,2025-08-27T08:16:26.304361+00:00
c5ce9040718141b1,customer457048@dfnhx.com,customer45,28b54fdc30928ddcaafc1c1bc97274e9f4974e57de8ceee640bf1fdc1ffa,CUSTOMER,2025-08-27T08:16:26.304361+00:00,2025-08-27T08:16:26.304361+00:00
fd8932ecdf144376,customer468432@ibszk.com,customer46,d3f2f45f0a879533f877ec5cf137aaaa45f4beb2c38efabcb0367df85b05,CUSTOMER,2025-08-27T08:16:26.304361+00:00,2025-08-27T08:16:26.304361+00:00
c809f97a84e94bb9,customer473710@zcihe.com,customer47,879afadad9437ecc9b8637bacd7b5edffe5833b4644ca29820d1b34de125,CUSTOMER,2025-08-27T08:16:26.304361+00:00,2025-08-27T08:16:26.304361+00:00
41bb890af4ed41c8,customer483025@giuzq.com,customer48,1fd4ebd0f25d1def5fbcbaf31a25ad5a39fdbef261efbdaeca6212dcddac,CUSTOMER,2025-08-27T08:16:26.304361+00:00,2025-08-27T08:16:26.304361+00:00
01495b210d874dea,customer493824@ulxpc.com,customer49,2da61cfeeb615aae76b11be8ce3852292fbfe3bff6220f393eb8ff339f71,CUSTOMER,2025-08-27T08:16:26.304361+00:00,2025-08-27T08:16:26.304361+00:00
fa2e94110c694a3b,customer507836@kibbv.com,customer50,ce3f8c16e2509b84ffb92a5eb4ace797b0963bf3e39c43db95460c4a2ddd,CUSTOMER,2025-08-27T08:16:26.304361+00:00,2025-08-27T08:16:26.304361+00:00
41bc748f724843e2,customer512609@ujika.com,customer51,5e63f9b4f6e3b5cfe027c0a424bd1bd6031dede1e086f49feaca1d0a54a3,CUSTOMER,2025-08-27T08:16:26.304361+00:00,2025-08-27T08:16:26.304361+00:00
14854384e432462b,customer522939@zbkyw.com,customer52,09408b7f312ffc02d957e6dba9edabf0c7dfaae78f53fb429d7efa809edf,CUSTOMER,2025-08-27T08:16:26.304361+00:00,2025-08-27T08:16:26.304361+00:00
3f66500add3f4c33,customer532752@kcqbw.com,customer53,dafd0fe7dfefecfb0fd1aed29decbe1b4f7c551eccfe1b7cb75b8b3dfcdb,CUSTOMER,2025-08-27T08:16:26.304361+00:00,2025-08-27T08:16:26.304361+00:00
af353f8f87d24e82,customer541423@obvgl.com,customer54,f0cb8d3dfc475520e3db3e0dfc7f96c697deea1c257c9955d26cfbae00fe,CUSTOMER,2025-08-27T08:16:26.304361+00:00,2025-08-27T08:16:26.304361+00:00
ce7ec2edc7834207,customer555592@dtkmh.com,customer55,f34dcf64c3c7bad36b8aaaa8c00ceab683202aad0bed8bafb1fd8c1f5fa7,CUSTOMER,2025-08-27T08:16:26.304361+00:00,2025-08-27T08:16:26.304361+00:00
f25b34cdaef8471f,customer567648@ragmm.com,customer56,adb3fcbbc0751cedca6dfab34acbdecf6df97feb0830e5cabcd7b9cfd1a7,CUSTOMER,2025-08-27T08:16:26.304361+00:00,2025-08-27T08:16:26.304361+00:00
e90eddb8d8ee4a06,customer578900@zrvza.com,customer57,fdd9c8c7913d7ae0c75f272d7bb089a958fe53cfdf55e1f1ebe2a4eeebbf,CUSTOMER,2025-08-27T08:16:26.304361+00:00,2025-08-27T08:16:26.304361+00:00
73fff42d57a348ba,customer589273@jyggu.com,customer58,273dd4a88dd696df74baadc282a9e3c0ede3a6bac84fbb6e0ea62dc7e2fe,CUSTOMER,2025-08-27T08:16:26.304361+00:00,2025-08-27T08:16:26.304361+00:00
30bcdee3b93d43c4,customer591203@ewjyp.com,customer59,a71f3480d2cfdec17e3bdf2d7d6eb9a2144159ac64e79dda6718b58f85ab,CUSTOMER,2025-08-27T08:16:26.304361+00:00,2025-08-27T08:16:26.304361+00:00
1d4964d3e38443c2,customer605035@upqok.com,customer60,b7940bccf67dabc753eb4ddaa65bab638bce861355c48fcf653cb8e38897,CUSTOMER,2025-08-27T08:16:26.304361+00:00,2025-08-27T08:16:26.304361+00:00
22bcbe3adfac41d9,customer617937@tcnfh.com,customer61,7ff1485d6fe3d022a0bff10ba48d47bb733254bf9c29a7c801bc1f48b948,CUSTOMER,2025-08-27T08:16:26.304361+00:00,2025-08-27T08:16:26.304361+00:00
464d6087caf2408e,customer621019@taswy.com,customer62,afdcadbc6af3d83f54ada8dab2d3ee4c0c264b5c44aefe8c68a3d76dcc9a,CUSTOMER,2025-08-27T08:16:26.304361+00:00,2025-08-27T08:16:26.304361+00:00
889be4dff4c44d93,customer639449@oxlck.com,customer63,df2ba3c8af9bc8ac6cd910f0efabb62110bf29af55ebbbc7f22b1a4fc797,CUSTOMER,2025-08-27T08:16:26.304361+00:00,2025-08-27T08:16:26.304361+00:00
151cd8e65c6d40b9,customer649245@zgdet.com,customer64,ba0aa75ae6a3d39289e6cf33adebff7a5050bdabe2b2bf4b6eaf6551d07d,CUSTOMER,2025-08-27T08:16:26.304361+00:00,2025-08-27T08:16:26.304361+00:00
36b2539caacb4198,customer655147@wuzwn.com,customer65,fbfdeb5b8ec16db2f0deae0431f5e3dfdceef03c030cbfbcc6cb431f493a,CUSTOMER,2025-08-27T08:16:26.304361+00:00,2025-08-27T08:16:26.304361+00:00
5cee274a1efc4248,customer665350@bzute.com,customer66,db6d65acde32c787cc43bf2b9d55cfbcadbdd82a3cb0ecdb8d9abb60bacf,CUSTOMER,2025-08-27T08:16:26.304361+00:00,2025-08-27T08:16:26.304361+00:00
d7e543af4564498f,customer670980@kkryg.com,customer67,befc3ab0433ecdf58e03ccdbb183f9df81ea0cfebbb6ae20d29d3acbce30,CUSTOMER,2025-08-27T08:16:26.304361+00:00,2025-08-27T08:16:26.304361+00:00
4ebfab023325447e,customer684833@nvnqp.com,customer68,007ad809eff10edbdd3eb8672eedde79f3ea7babfc4fc79633af4dba0e5c,CUSTOMER,2025-08-27T08:16:26.304361+00:00,2025-08-27T08:16:26.304361+00:00
daed975f53eb41a4,customer691556@mflss.com,customer69,a6a3ad6082538d63eecdbbcbfabddf75cecebe5cef8f7ffb0d4cd4bff2b4,CUSTOMER,2025-08-27T08:16:26.304361+00:00,2025-08-27T08:16:26.304361+00:00
48f0695f6318444c,customer709257@grbdy.com,customer70,1b41cb0e10a33a8e90da1ce08de7caa0676f1b914b3a78ab4c3fb5bd7aa6,CUSTOMER,2025-08-27T08:16:26.304361+00:00,2025-08-27T08:16:26.304361+00:00
876689d66f404bfb,customer718493@svqws.com,customer71,da8c21af7b2ab2fda6751dfbaf56d49dc157ba104d86d6c235fc09ae112c,CUSTOMER,2025-08-27T08:16:26.304361+00:00,2025-08-27T08:16:26.304361+00:00
addde40081b047ed,customer727442@dlyfd.com,customer72,69ea593e149c0d2269d5d9f8f278fdeefcf92e4c54cda3bdb0aee00129ab,CUSTOMER,2025-08-27T08:16:26.304361+00:00,2025-08-27T08:16:26.304361+00:00
79527ea92ee048ec,customer737941@eijii.com,customer73,b6fa91d4cfbf3e8bc2ca12c4f23aca05d1eed1a54cc385dc27ac34aef145,CUSTOMER,2025-08-27T08:16:26.304361+00:00,2025-08-27T08:16:26.304361+00:00
91006b1d781f4190,customer741073@jqkvu.com,customer74,c88f5c422ac1bd5e8cbce07dfafdd9567d4202cd55aeb5f928fffeebc0e8,CUSTOMER,2025-08-27T08:16:26.304361+00:00,2025-08-27T08:16:26.304361+00:00
4f955ba0008a48f5,customer753970@vmxtl.com,customer75,aaa5aae4f445cb75e5dbde0ef7aaca25e0373a2bab10ab6dcd9afdcc3aca,CUSTOMER,2025-08-27T08:16:26.304361+00:00,2025-08-27T08:16:26.304361+00:00
39407e738bb14258,customer769054@ubyjz.com,customer76,e31328deda92591b5a3bdf1351db1def2ccdf6f138fcbc2cd6a944fb379e,CUSTOMER,2025-08-27T08:16:26.304361+00:00,2025-08-27T08:16:26.304361+00:00
8d7d4fe94ccf4178,customer772644@hvxuq.com,customer77,f84ada0e1605e337389b6d7a3cbd21ed1bce43fa552dbebcbad1d724f39e,CUSTOMER,2025-08-27T08:16:26.304361+00:00,2025-08-27T08:16:26.304361+00:00
c6c031608f68442d,customer781426@rfmua.com,customer78,cb8bcbe79452edd29ceb1dd92c7d38dc7caaa6a7805d6a8e37edda953bec,CUSTOMER,2025-08-27T08:16:26.304361+00:00,2025-08-27T08:16:26.304361+00:00
eb5f791b05314afa,customer795209@tfukg.com,customer79,4b9c17368fef6ceaf9d53fd6417c03e9db6aeedee36c51be02f2999e08b7,CUSTOMER,2025-08-27T08:16:26.304361+00:00,2025-08-27T08:16:26.304361+00:00
c6806901ccb84dce,customer803787@rdnny.com,customer80,fde2d95ac623ec65bcd0f2b6ee757ab1cfc3beafd4abc674aad47ab51d7a,CUSTOMER,2025-08-27T08:16:26.304361+00:00,2025-08-27T08:16:26.304361+00:00
b761da2632b149c8,customer815839@bzrix.com,customer81,6fcecef84ec5c49e7ebbddb644a9aba935cbd735d677cc1c36afb4f43e9a,CUSTOMER,2025-08-27T08:16:26.304361+00:00,2025-08-27T08:16:26.304361+00:00
928da943270949c8,customer827681@bjdhl.com,customer82,fce5de2bcd9bd079cd7b7a1a69adaed9f8d97afdab0dfd5fd6ac11a17bc2,CUSTOMER,2025-08-27T08:16:26.304361+00:00,2025-08-27T08:16:26.304361+00:00
9656d0a004aa45be,customer830145@mfmwt.com,customer83,20a1af51fc9cffe9cfaf6c7f776fecd3a78946efd4eb47e9ad184edea0d3,CUSTOMER,2025-08-27T08:16:26.304361+00:00,2025-08-27T08:16:26.304361+00:00
f7046fe0c33b4434,customer841671@eimpz.com,customer84,fbaa212bd730ecd2cdeab371ffb2d769be6ddb4cdbcbedacfabf40dadf41,CUSTOMER,2025-08-27T08:16:26.304361+00:00,2025-08-27T08:16:26.304361+00:00
4feb6567ab8a4d6a,customer859316@uxiqi.com,customer85,1d3edfdf60cc0fabbddefbb49d7397dd5dd70cffdc83eaa42f3e63aaf4e5,CUSTOMER,2025-08-27T08:16:26.304361+00:00,2025-08-27T08:16:26.304361+00:00
606c61d9d0644842,customer860919@uqhri.com,customer86,ee6ff477f0fcdd9e077dfcfa83c88e96efc9bb5c9cc81f0f0400d084c3ad,CUSTOMER,2025-08-27T08:16:26.304361+00:00,2025-08-27T08:16:26.304361+00:00
de7c5bf2898e4d4c,customer873509@ttxvg.com,customer87,eb6acbd6e720807cf7009fc7893f18e9da9a5a02a06aecf4f9c6fd0f4cbc,CUSTOMER,2025-08-27T08:16:26.304361+00:00,2025-08-27T08:16:26.304361+00:00
14fa33badb964828,customer887153@ivlrx.com,customer88,f819b9cd74fa0e3fde4e2f226a2d77f84ddfcf7500eba4fbc811f782876d,CUSTOMER,2025-08-27T08:16:26.304361+00:00,2025-08-27T08:16:26.304361+00:00
e69baeb4600945cf,customer893476@egvhs.com,customer89,a5c4ab57fa80fda8bf66cff4a5a4d4e8bbe3be6eb1d84cade91a7d00afa6,CUSTOMER,2025-08-27T08:16:26.304361+00:00,2025-08-27T08:16:26.304361+00:00
cd3e1e4965c847b1,customer907464@bwljr.com,customer90,83ab9d88aafe05784edab7f362eaa9d9939f9a1d36ce4ffbb5b2e7f3dfcd,CUSTOMER,2025-08-27T08:16:26.304361+00:00,2025-08-27T08:16:26.304361+00:00
ba7054cfe50e46f9,customer917850@tkdvf.com,customer91,b4ae377af7e3fb8c40d6fed9e0cbcd7a5cacf7b0c9ca05ea7bac95b779e1,CUSTOMER,2025-08-27T08:16:26.304361+00:00,2025-08-27T08:16:26.304361+00:00
1cc42e03634f4cf5,customer922432@zzhws.com,customer92,06acdefadc6f3d6db7bae19eacfdfbad6eb823a77bf1ae41edeaed21d6d2,CUSTOMER,2025-08-27T08:16:26.304361+00:00,2025-08-27T08:16:26.304361+00:00
18a9826b237143ce,customer931196@njaqb.com,customer93,8d0ef5cbf6bb50e61f750474c015cadff7e88aff35457a6d6ebff4bebbd0,CUSTOMER,2025-08-27T08:16:26.304361+00:00,2025-08-27T08:16:26.304361+00:00
a577f2c885494500,customer944981@iaujs.com,customer94,cbdb0fbf70fceaea8ea0caad83febad185ad5e5a02a20957fbed4e5fb5f1,CUSTOMER,2025-08-27T08:16:26.304361+00:00,2025-08-27T08:16:26.304361+00:00
c0380c2d2d6749d2,customer954597@nceui.com,customer95,dd7ddf7dacd09653ca95afa1ccd4c65b7ef67adef9e424de34b21e75edbe,CUSTOMER,2025-08-27T08:16:26.304361+00:00,2025-08-27T08:16:26.304361+00:00
3c58ed63404946e3,customer967349@ubbvl.com,customer96,b82164de86350651ad2a5fb7c5064c0cceb12b7fa7f28deefd22d22becac,CUSTOMER,2025-08-27T08:16:26.304361+00:00,2025-08-27T08:16:26.304361+00:00
697283cb5d3f4eb1,customer971434@nqpdl.com,customer97,83fad4f8eebc23b5ebab9c5ddd0221a9b526b99c6ea038edbfcbeec2c0fe,CUSTOMER,2025-08-27T08:16:26.304361+00:00,2025-08-27T08:16:26.304361+00:00
0467cee7a33841d6,customer989785@nxxae.com,customer98,25ea449ad2cd781dad5e2eae2bc51dcc261854cb6ee10b7d2be2bff4a115,CUSTOMER,2025-08-27T08:16:26.304361+00:00,2025-08-27T08:16:26.304361+00:00
247b2b9e902d4712,customer993164@gossn.com,customer99,caedfad5ddb8ec097602967b5c8fbc41edd2aa3ea7de270ceaa5edeed47c,CUSTOMER,2025-08-27T08:16:26.304361+00:00,2025-08-27T08:16:26.304361+00:00
0c73c0c3b78f4299,prophet1002279@vbvzb.com,prophet100,2e8a4e4fec2fa4a0c16c01465c206240d28ed9aaaf9a53dbe2ee1a2f0da2,PROPHET,2025-08-27T08:16:26.304361+00:00,2025-08-27T08:16:26.304361+00:00
56eb7d8c20ac4010,prophet1018482@wbdfn.com,prophet101,bf3406fb6ce29b5e9bad6bcf13e5f3b39e83cbe553b3aaeb506cb2c2ece5,PROPHET,2025-08-27T08:16:26.304361+00:00,2025-08-27T08:16:26.304361+00:00
861e64d584b54b69,prophet1028954@kcoig.com,prophet102,fd1f71585e99f994bf9c1abfa6dedb0c1d5b7c1ccbef8ddeb8f5d95dfb4b,PROPHET,2025-08-27T08:16:26.304361+00:00,2025-08-27T08:16:26.304361+00:00
eb8f41e57abf4b04,prophet1039296@daozz.com,prophet103,aaf4b9bcdb2a9e00af42d34efe648dfe4ddba6e94fdccf0a1abadbbbfa79,PROPHET,2025-08-27T08:16:26.304361+00:00,2025-08-27T08:16:26.304361+00:00
cc0e43d9a2b446b8,prophet1043116@skvde.com,prophet104,9afafadf0aebf6bb1c6cce01095e5ca3571b044c78ff31f6e7dfbee8f0f1,PROPHET,2025-08-27T08:16:26.304361+00:00,2025-08-27T08:16:26.304361+00:00
97b8d88a1ea54541,prophet1056561@jplyv.com,prophet105,0badc20bcd5dfefa8db3bfc3ba45836c1f3aebee03ddf779e90dea72da9a,PROPHET,2025-08-27T08:16:26.304361+00:00,2025-08-27T08:16:26.304361+00:00
c80bc4d137eb4030,prophet1065202@toeih.com,prophet106,4da8b738b43d2260fb3ecfbda90f792ac8a70bef9fbed75c7ae1af80e120,PROPHET,2025-08-27T08:16:26.304361+00:00,2025-08-27T08:16:26.304361+00:00
4102332ebd0542d9,prophet1072915@tjbcd.com,prophet107,9fbfbf508bf5fd71fb74b0f0f2f7f11fd6cde2e3ee6818ebf0f6e9df56f9,PROPHET,2025-08-27T08:16:26.304361+00:00,2025-08-27T08:16:26.304361+00:00
907347f96a4f427b,prophet1082255@aotan.com,prophet108,1d6b9e004961f9b4fdd4700df80c34bfceeb3e210f92431e0e851efa4e09,PROPHET,2025-08-27T08:16:26.304361+00:00,2025-08-27T08:16:26.304361+00:00
a644bf515db0468a,prophet1092717@nqtkt.com,prophet109,7afc6a71cabf05abccc16f12bbba2f076e3ae56e5f3b5cb01f7932f1fda0,PROPHET,2025-08-27T08:16:26.304361+00:00,2025-08-27T08:16:26.304361+00:00
b2723abf88f748c8,prophet1106645@xauhe.com,prophet110,e3d925acec97ee2a8bb5eccc3a5ebfc0a5fa1c283d5fcccd7d291d73b196,PROPHET,2025-08-27T08:16:26.304361+00:00,2025-08-27T08:16:26.304361+00:00
7474691404374b7b,prophet1116463@xqxcu.com,prophet111,a6320c79de63e70a6e36f29ff8bfd2c22c5a76cb67e774a14e19180aaa7b,PROPHET,2025-08-27T08:16:26.304361+00:00,2025-08-27T08:16:26.304361+00:00
30ebca227ee44703,prophet1124652@squqs.com,prophet112,aec7e35cbcc8a32d1371fce6fbf65be02dd8a73bfc7bd2ddcb7f41abf140,PROPHET,2025-08-27T08:16:26.304361+00:00,2025-08-27T08:16:26.304361+00:00
ddcff579a97a4ed0,prophet1139355@hlxbx.com,prophet113,6f37b1a5a883efde7cc703945b4c85dfc8caccdf9ab81e4ad4635e5bd2ff,PROPHET,2025-08-27T08:16:26.304361+00:00,2025-08-27T08:16:26.304361+00:00
e7a3c513d08c474e,prophet1140659@osgsy.com,prophet114,50a633d4233084c92fde2d766ae3a97081cffb48abbf7c1de3c0dfd685e1,PROPHET,2025-08-27T08:16:26.304361+00:00,2025-08-27T08:16:26.304361+00:00
cb4c204a1d394c90,prophet1154628@vmsnm.com,prophet115,dfd23e4deaa6dfdffd9c0b8babca443cde67f2cc5aca79949140d8ebc6a2,PROPHET,2025-08-27T08:16:26.304361+00:00,2025-08-27T08:16:26.304361+00:00
58a181d1e8a643b2,prophet1169273@xyidn.com,prophet116,ede82afddbbbab9baa804aa8b0ee3b12b1f98eec0a86f3ffefa4938c451f,PROPHET,2025-08-27T08:16:26.304361+00:00,2025-08-27T08:16:26.304361+00:00
9b3a44271d964480,prophet1177168@lhbqs.com,prophet117,b3ecfc83ac018bddde43794867cfcc1d0ad6bafbcd68fef29ecea17b2e03,PROPHET,2025-08-27T08:16:26.304361+00:00,2025-08-27T08:16:26.304361+00:00
d3426c9d6f74493d,prophet1184066@fuzjx.com,prophet118,aec1a2bcc6bfc656f01f6c322f6e6fe1dbaafc011841bb9fe4ee64cfe89d,PROPHET,2025-08-27T08:16:26.304361+00:00,2025-08-27T08:16:26.304361+00:00
b2b379e44de84146,prophet1192081@inhva.com,prophet119,fbefe12f389ea2a7d9473c1e60dda7ac1fe4e9abb142d1125ebda5b776af,PROPHET,2025-08-27T08:16:26.304361+00:00,2025-08-27T08:16:26.304361+00:00
bdf68da9c2014d54,prophet1201248@ktszr.com,prophet120,f9a0dcaebabe28b3d0629bf9c3d659464a1ad2d653f8dddba1d78fe3aaa7,PROPHET,2025-08-27T08:16:26.304361+00:00,2025-08-27T08:16:26.304361+00:00
0833e836d3564183,prophet1210749@gpoxk.com,prophet121,afbdaccf950aabebdccfaa3fbbd96edae8cf2ccaa0c7af0d6f263bf835c8,PROPHET,2025-08-27T08:16:26.304361+00:00,2025-08-27T08:16:26.304361+00:00
f8cc2c7097944ad7,prophet1225896@dxoka.com,prophet122,adaf8cb73c8cabf02dca901f6cc4f5eccc2af206bc1ebce390d9cd2d90ae,PROPHET,2025-08-27T08:16:26.304361+00:00,2025-08-27T08:16:26.304361+00:00
676e24f14d654dd0,prophet1236367@ikyzb.com,prophet123,b0adccdea68ac02462f0cb2ba6c751eafe81fdec85ba5bead3f5557ca25a,PROPHET,2025-08-27T08:16:26.304361+00:00,2025-08-27T08:16:26.304361+00:00
9c91ded1aa214c3e,prophet1246749@mejws.com,prophet124,8f1b7951eda3cc23767ee3bcbdbfbf4de7d7c59043dd0402cca55ce6e353,PROPHET,2025-08-27T08:16:26.304361+00:00,2025-08-27T08:16:26.304361+00:00
f0d12c47061646c0,prophet1252311@emete.com,prophet125,40cf34c830dbd40c7bc1cb270b7b9f416c93d51bf4dd8ceecfa0f302ce4f,PROPHET,2025-08-27T08:16:26.304361+00:00,2025-08-27T08:16:26.304361+00:00
7741c25763e24828,prophet1263980@stlqm.com,prophet126,bc5fc05acf0c2a532ffe0f240ad4fdf3f85ab8cce3ef5dc19eb65bc2e90a,PROPHET,2025-08-27T08:16:26.304361+00:00,2025-08-27T08:16:26.304361+00:00
551fc4bcfaab4900,prophet1278315@drsnn.com,prophet127,032eb8f4ff51107467c770efed70aa1883defd367bb2ecdc9f9b9f3f38b0,PROPHET,2025-08-27T08:16:26.304361+00:00,2025-08-27T08:16:26.304361+00:00
eff6f0bf0eec4916,prophet1289763@vizyy.com,prophet128,4c74dbcb1d08319b486a613e3c5808aecce2cd0d56a7dad6337d0f341f87,PROPHET,2025-08-27T08:16:26.304361+00:00,2025-08-27T08:16:26.304361+00:00
d1f959dec45d4045,prophet1296223@xqppi.com,prophet129,3edfb9aead793ced0bb2bfac92a636db578e5cd50e9b83e2cf8b72bbdda8,PROPHET,2025-08-27T08:16:26.304361+00:00,2025-08-27T08:16:26.304361+00:00
8ca808b134374cbb,prophet1300763@goktg.com,prophet130,eb85f73a1fce1c0bac2b8ddcdde93eafe5bd2ddf0db06da423e17ebaccb5,PROPHET,2025-08-27T08:16:26.304361+00:00,2025-08-27T08:16:26.304361+00:00
657487144d024476,prophet1311028@vukwk.com,prophet131,7d4a7bed09bc80d6aafc6acbf269a630eee9baeaae00d1f75a1ab0b7ea1d,PROPHET,2025-08-27T08:16:26.304361+00:00,2025-08-27T08:16:26.304361+00:00
1a9a5af31ba747b0,prophet1320988@lekax.com,prophet132,6ba9e7dd4f7a81a12560e78fefca43ca270acca570e2c8cc6ad86756f51c,PROPHET,2025-08-27T08:16:26.304361+00:00,2025-08-27T08:16:26.304361+00:00
d79a9f64c5b14aba,prophet1336489@ffcry.com,prophet133,c38299cfbedf8b5eb17daf795dee10b40d3f6fe93bab0d0f86c2de23024c,PROPHET,2025-08-27T08:16:26.304361+00:00,2025-08-27T08:16:26.304361+00:00
b424664206714aee,prophet1345372@fdmtb.com,prophet134,cab99b1ec3b4ff65eac85f8cf0b9ec11a744d51b861bdbfeff8ddc74fafb,PROPHET,2025-08-27T08:16:26.304361+00:00,2025-08-27T08:16:26.304361+00:00
f1d632ce93104ba1,prophet1350297@xiloz.com,prophet135,d8a57c5c3dfed6fdcf1cabfae0f1d9d6bacadeea8e2d8ef5ede75dd0d922,PROPHET,2025-08-27T08:16:26.304361+00:00,2025-08-27T08:16:26.304361+00:00
347740f29b7a423d,prophet1360566@wvxpf.com,prophet136,ee35cfb426ef384e4353b0da56aa8995910f9be3d9ee0c6a9f4ecedc32b2,PROPHET,2025-08-27T08:16:26.304361+00:00,2025-08-27T08:16:26.304361+00:00
ad6a657187e04fd3,prophet1377401@sbihr.com,prophet137,c26a7f7d1b9f28d6e2a155beca4ea02aaab2faa39c224b65eccfda5eadb7,PROPHET,2025-08-27T08:16:26.304361+00:00,2025-08-27T08:16:26.304361+00:00
284ff3cc24694b3f,prophet1386977@uedbi.com,prophet138,80836bd9fa1eedf63aadadf09ac1bb1aae50f5dc8b3cabcbd1fc9fcefcc8,PROPHET,2025-08-27T08:16:26.304361+00:00,2025-08-27T08:16:26.304361+00:00
45d9c726f330458c,prophet1394987@qykgc.com,prophet139,e337cdeefb3f71d40da50c6446f1f161d21b9e85d166090dc78cfccfbd99,PROPHET,2025-08-27T08:16:26.304361+00:00,2025-08-27T08:16:26.304361+00:00
bb2e042ffdb9404c,prophet1406962@stimm.com,prophet140,c0978e879de2f6c0d4add122bfa32f3f1ee9b3cf7c3ecd5c6ba4a22dc9ca,PROPHET,2025-08-27T08:16:26.304361+00:00,2025-08-27T08:16:26.304361+00:00
ebda48cef6d941b6,prophet1417720@vzqbl.com,prophet141,64cd3aaeda8efbd829fca3cabffbddba1abcfa9660592c4b87ca31243ee4,PROPHET,2025-08-27T08:16:26.304361+00:00,2025-08-27T08:16:26.304361+00:00
b5a2d30dcffb4437,prophet1429642@zcibe.com,prophet142,c196bbd555cfbbf10abe4ae4c6ca7ca5e22262483d7a462ed185eb63e9be,PROPHET,2025-08-27T08:16:26.304361+00:00,2025-08-27T08:16:26.304361+00:00
1b94ed812bca4d45,prophet1433718@zficj.com,prophet143,cd161bae91a9eebbfa9ea9aef2e1bee7165bc393cebbacde858bd49a6b99,PROPHET,2025-08-27T08:16:26.304361+00:00,2025-08-27T08:16:26.304361+00:00
b923c51199d440c3,prophet1442421@vhboa.com,prophet144,c9fd157afdfdee3eeecac97d00f487f51f1caa1ec6bdb24499aafca10402,PROPHET,2025-08-27T08:16:26.304361+00:00,2025-08-27T08:16:26.304361+00:00
5f11270381dc432f,prophet1452274@sjmhl.com,prophet145,b0b4b29af31b98893d60bb60c5de40b169ed254fac1c0382399daecf4ce2,PROPHET,2025-08-27T08:16:26.304361+00:00,2025-08-27T08:16:26.304361+00:00
8a06a181a9054f40,prophet1461917@bxsyn.com,prophet146,e133cafab80f2fc9dbac1eab97a7af4d87dff370ef5af81e238fc4faf3bd,PROPHET,2025-08-27T08:16:26.304361+00:00,2025-08-27T08:16:26.304361+00:00
6d672ee1e7fe4517,prophet1478457@pggzz.com,prophet147,ba44b730df16b484cc05ddb4af02592dee1ecd71ac7d146c0200abbbcffb,PROPHET,2025-08-27T08:16:26.304361+00:00,2025-08-27T08:16:26.304361+00:00
574f909d58124ba5,prophet1480750@ssjwq.com,prophet148,6fd828836605af9ef7ddbb8c5edafaee396ae700ec638e0a0204da697f8e,PROPHET,2025-08-27T08:16:26.304361+00:00,2025-08-27T08:16:26.304361+00:00
c403e5a8542e4dd3,prophet1497859@xbtee.com,prophet149,a9f5da506bacb7937cfe67c3b9f7c7c0ab7f111bc6cdccf2cea7ed7e77be,PROPHET,2025-08-27T08:16:26.304361+00:00,2025-08-27T08:16:26.304361+00:00
3ce5761c917f40a7,admin1501654@zlzfo.com,admin150,7cbb8d4db9a3bdaf5ec83efd25ee46cf00efb38ca61ecbdb2761ab7abfce,ADMIN,2025-08-27T08:16:26.304361+00:00,2025-08-27T08:16:26.304361+00:00
01f138b56e174815,admin1512398@rgtth.com,admin151,871cdc1d4efbe7f1afe16c25bcc7b09dad64c0f8f5fd58f3a4c901c97f5e,ADMIN,2025-08-27T08:16:26.304361+00:00,2025-08-27T08:16:26.304361+00:00
e8fb56640b874d0b,admin1526920@neonm.com,admin152,92f562515cab0cda4b3607c86cfead3d47d2ea7bfcc8c9abd75c8bce827c,ADMIN,2025-08-27T08:16:26.304361+00:00,2025-08-27T08:16:26.304361+00:00
23146f44cf384bcd,admin1539429@ourtp.com,admin153,f9f548fad6bd637230837fcb5b6b488fbfc203add701defc050c0b3abe00,ADMIN,2025-08-27T08:16:26.304361+00:00,2025-08-27T08:16:26.304361+00:00
21eef9176b5c4cd1,admin1541354@nrfzq.com,admin154,da6a2eadea7ffd9f5ed7bedbf6b301abf4bf2ccfa8ff20cbeb2a92eecd49,ADMIN,2025-08-27T08:16:26.304361+00:00,2025-08-27T08:16:26.304361+00:00
3c52c249b2114301,admin1559552@ukrsp.com,admin155,eed4551bdf37daadadbfa3dbb2212a048e7c41d1ef9badbe9fffe4ceaceb,ADMIN,2025-08-27T08:16:26.304361+00:00,2025-08-27T08:16:26.304361+00:00
6542d078a17e4a6a,admin1564843@umpsp.com,admin156,d63b5fec6cb3a93e2a0db02f9d2cff4ac79e559dfefa2cf2e8ab75be0ba5,ADMIN,2025-08-27T08:16:26.304361+00:00,2025-08-27T08:16:26.304361+00:00
4a553ca18a2c4fd4,admin1579592@mrnqr.com,admin157,3b8f488b27a95dd2c42fcd1af45d0ae6b77deafcc1d3c561d6b6ad7e5d50,ADMIN,2025-08-27T08:16:26.304361+00:00,2025-08-27T08:16:26.304361+00:00
c246deeffa844fcf,admin1587002@rdluv.com,admin158,e343c5fddfc068e5ef45fcebcfe105b0cb71dba7fd89ffb6abd69934be7f,ADMIN,2025-08-27T08:16:26.304361+00:00,2025-08-27T08:16:26.304361+00:00
41fec412e7a94c84,admin1592837@nmwvp.com,admin159,674b833461ceae4f69c3f9b0adaad58aa3cad9e85fcdaaf5cccf8dc6a8a5,ADMIN,2025-08-27T08:16:26.304361+00:00,2025-08-27T08:16:26.304361+00:00
