id,account_id,created_at,updated_at
f4f65968826d4c3b,f4f65968826d4c3b,2025-08-27T03:54:52.187561+00:00,2025-08-27T03:54:52.187561+00:00
7b67a405ebb44376,7b67a405ebb44376,2025-08-27T03:54:52.187561+00:00,2025-08-27T03:54:52.187561+00:00
188e6074e00d45cf,188e6074e00d45cf,2025-08-27T03:54:52.187561+00:00,2025-08-27T03:54:52.187561+00:00
10074a871e1647e8,10074a871e1647e8,2025-08-27T03:54:52.187561+00:00,2025-08-27T03:54:52.187561+00:00
fafd6dee3fd34208,fafd6dee3fd34208,2025-08-27T03:54:52.187561+00:00,2025-08-27T03:54:52.187561+00:00
ab93d34b8026436d,ab93d34b8026436d,2025-08-27T03:54:52.187561+00:00,2025-08-27T03:54:52.187561+00:00
0efb957042bf4110,0efb957042bf4110,2025-08-27T03:54:52.187561+00:00,2025-08-27T03:54:52.187561+00:00
3ec442d3a26d4959,3ec442d3a26d4959,2025-08-27T03:54:52.187561+00:00,2025-08-27T03:54:52.187561+00:00
69fcb25ff885442f,69fcb25ff885442f,2025-08-27T03:54:52.187561+00:00,2025-08-27T03:54:52.187561+00:00
1a3e83f260024a37,1a3e83f260024a37,2025-08-27T03:54:52.187561+00:00,2025-08-27T03:54:52.187561+00:00
