id,prophet_id,course_name,horoscope_method_id,horoscope_sector,duration_min,price,is_active,created_at,updated_at
3677f207f07d49d4,4d61cf2da4d84fcd,Premium Tarot Reading Session,1,WORK,45,543.76,False,2025-11-15T08:49:42.452657+00:00,2025-11-15T08:49:42.452657+00:00
929d3ab30c394c22,2910f7b25b1a4046,Advanced Tea Leaf Reading Session,8,LUCK,30,1642.80,True,2025-11-15T08:49:42.452657+00:00,2025-11-15T08:49:42.452657+00:00
41e058127511442c,2910f7b25b1a4046,Premium Tea Leaf Reading Session,8,WORK,30,1188.33,True,2025-11-15T08:49:42.452657+00:00,2025-11-15T08:49:42.452657+00:00
b3c375c471a04579,2272bef119854483,Advanced Crystal Ball Session,4,LUCK,45,715.69,True,2025-11-15T08:49:42.452657+00:00,2025-11-15T08:49:42.452657+00:00
05e6b90d81b84a39,2272bef119854483,Basic Crystal Ball Session,4,FAMILY,60,546.25,True,2025-11-15T08:49:42.452657+00:00,2025-11-15T08:49:42.452657+00:00
35c83c06ae2d4e89,935dd1d41bcb4bcc,Basic Aura Reading Session,10,STUDY,60,1881.93,False,2025-11-15T08:49:42.452657+00:00,2025-11-15T08:49:42.452657+00:00
833a6e67b7f54e6c,935dd1d41bcb4bcc,Premium Aura Reading Session,10,MONEY,90,585.89,True,2025-11-15T08:49:42.452657+00:00,2025-11-15T08:49:42.452657+00:00
57ad51ff81424f22,c6187da772954149,Premium Dream Analysis Session,6,WORK,60,1393.33,True,2025-11-15T08:49:42.452657+00:00,2025-11-15T08:49:42.452657+00:00
5c0945b108dd4aed,c6187da772954149,Deluxe Aura Reading Session,10,LUCK,30,1879.64,True,2025-11-15T08:49:42.452657+00:00,2025-11-15T08:49:42.452657+00:00
