id,account_id,line_id,created_at,updated_at
d7d5faf0e4c442eb,0f9840f3a5e14a6a,iq6rru4a1unqrqdi005a,2025-09-09T13:47:14.432276+00:00,2025-09-09T13:47:14.432276+00:00
9b5726e87bd5473a,e88c12e584104cd1,q50ggx5yrtwzew5itnv9,2025-09-09T13:47:14.432276+00:00,2025-09-09T13:47:14.432276+00:00
bc6a3080fdd648ef,32b9cb905e3348db,u0i7lyouspd0xij9z3qs,2025-09-09T13:47:14.432276+00:00,2025-09-09T13:47:14.432276+00:00
197c7b497f8d4012,244b2e76856c49a2,7m6a76mwvek98u7y5077,2025-09-09T13:47:14.432276+00:00,2025-09-09T13:47:14.432276+00:00
f2fadbd14f0c42e3,c6da00e208804325,ompdfd3v6b81nvent6x9,2025-09-09T13:47:14.432276+00:00,2025-09-09T13:47:14.432276+00:00
b8ec9747ac28493a,d842f68ab0824e1d,g1u74oxd2r3hhffidein,2025-09-09T13:47:14.432276+00:00,2025-09-09T13:47:14.432276+00:00
f4c75d33dbb547dc,b739e426a8484dcb,c4kptnd7r1ay1nfl8ddm,2025-09-09T13:47:14.432276+00:00,2025-09-09T13:47:14.432276+00:00
792c01ceceac40d4,1d4dd35b69ea49f1,b4ijh8m6qaady4o1ksxu,2025-09-09T13:47:14.432276+00:00,2025-09-09T13:47:14.432276+00:00
82368f68c16e4e8d,a82308d5be8c4c14,asjc4orbdi11dj6fblyq,2025-09-09T13:47:14.432276+00:00,2025-09-09T13:47:14.432276+00:00
6bda723e13484569,285400cadcd14a39,th1hihrwgjpyhob6g9nq,2025-09-09T13:47:14.432276+00:00,2025-09-09T13:47:14.432276+00:00
7ec9021957b448ec,54935558b09a42c1,nfugawkvh2kktaez696d,2025-09-09T13:47:14.432276+00:00,2025-09-09T13:47:14.432276+00:00
41fd374f69dd42bc,5107bbbdbf8c47cf,b6vc2ffncawywyicf0xm,2025-09-09T13:47:14.432276+00:00,2025-09-09T13:47:14.432276+00:00
7ff80e20f2b344e1,e51de17a2df540a1,obuj5dem54xk1bjgkx8q,2025-09-09T13:47:14.432276+00:00,2025-09-09T13:47:14.432276+00:00
100f140051154bb9,29b588662e104d4c,i59yeb6hlf5ynk7nha3l,2025-09-09T13:47:14.432276+00:00,2025-09-09T13:47:14.432276+00:00
105f103d58cf4c85,24fc0de977e941bd,ti9gcdcoth3eorkwf7en,2025-09-09T13:47:14.432276+00:00,2025-09-09T13:47:14.432276+00:00
6bd024f38f9b49b9,da2d5a3560e04195,t5rbnjy0bpm6n91y30mo,2025-09-09T13:47:14.432276+00:00,2025-09-09T13:47:14.432276+00:00
11e94a6f3aad443e,cda98bc8b689404d,egxmv3p4n1lb6xrq649d,2025-09-09T13:47:14.432276+00:00,2025-09-09T13:47:14.432276+00:00
1f3fc9cfb2c14a97,3854535003ff4a21,7k6xz9imfy3vzfx3zrrr,2025-09-09T13:47:14.432276+00:00,2025-09-09T13:47:14.432276+00:00
e87892402c584605,cf9be64058da4dbc,f91sevynpuqxszdtklxw,2025-09-09T13:47:14.432276+00:00,2025-09-09T13:47:14.432276+00:00
d5c606aa91bd46d6,069e3ea645c34d6e,o32mbx1kwh7knt3x9clt,2025-09-09T13:47:14.432276+00:00,2025-09-09T13:47:14.432276+00:00
20eb600e41094d03,e72c479b20a349b0,oeuy4qk14nkjj9h16w2a,2025-09-09T13:47:14.432276+00:00,2025-09-09T13:47:14.432276+00:00
3a99416ac3654946,e39cf38f834b4ccd,1mqs8gm98ud38kda7fq6,2025-09-09T13:47:14.432276+00:00,2025-09-09T13:47:14.432276+00:00
250fb560738b4f62,e70f570541f84e45,l1q5nzf0cbs2v6i0rlou,2025-09-09T13:47:14.432276+00:00,2025-09-09T13:47:14.432276+00:00
e280b4fa7a6644f3,646fc03b87fe4f43,2hsa4ifecv7rgodjzmih,2025-09-09T13:47:14.432276+00:00,2025-09-09T13:47:14.432276+00:00
3c5ad976772c4085,dfdec0933f8c4ab2,sjavh4fn2zer7e9l4h88,2025-09-09T13:47:14.432276+00:00,2025-09-09T13:47:14.432276+00:00
4788bdf870bf47ca,1a39a588795e47b6,m2nu828igik79vlcvl2y,2025-09-09T13:47:14.432276+00:00,2025-09-09T13:47:14.432276+00:00
85acd5aa46174342,c4c02f11b7ec42c1,kmnsqbq28h28288r4lx5,2025-09-09T13:47:14.432276+00:00,2025-09-09T13:47:14.432276+00:00
3ccfe2d1a6504172,b3310091bd864d0d,7efi8mlrpgtzm7q2cgxc,2025-09-09T13:47:14.432276+00:00,2025-09-09T13:47:14.432276+00:00
d5fd25737bda4487,7a7bcd27986040fe,g17nbei90z6ydy0y7c9d,2025-09-09T13:47:14.432276+00:00,2025-09-09T13:47:14.432276+00:00
ff506825c1ed4e45,fc920256e1a14bab,s2aixepso3ewhl0d0ajx,2025-09-09T13:47:14.432276+00:00,2025-09-09T13:47:14.432276+00:00
a9a7feb9501c4c7e,76bc9ec33fef4fa8,tkhd7imu84e1yr756f8w,2025-09-09T13:47:14.432276+00:00,2025-09-09T13:47:14.432276+00:00
582f4b23eb4e4cbb,e3eaf11201cb430d,o7ny5etm43irodon8grh,2025-09-09T13:47:14.432276+00:00,2025-09-09T13:47:14.432276+00:00
875533c925e04c42,e3cfa90414d0432d,aabldx22sie3alyxccj4,2025-09-09T13:47:14.432276+00:00,2025-09-09T13:47:14.432276+00:00
948859f20b154a9d,a8b0739e47ad4bf0,9weiwvudo2137ezcpr7z,2025-09-09T13:47:14.432276+00:00,2025-09-09T13:47:14.432276+00:00
7ecb23262c8b4067,4ab1ef50c34d48ea,vhz4ozs63xd98oh1ng7v,2025-09-09T13:47:14.432276+00:00,2025-09-09T13:47:14.432276+00:00
b13db0a367544567,adfcabe49397471b,ztp26oj5h07hp8yfs7m6,2025-09-09T13:47:14.432276+00:00,2025-09-09T13:47:14.432276+00:00
41424d4fbe8d4caa,54fc376dc2ea42a4,tv15l6p6lq739pn6amoh,2025-09-09T13:47:14.432276+00:00,2025-09-09T13:47:14.432276+00:00
3e876332cf064cae,9a51793970334a91,324xix6m3dm59tczn1tf,2025-09-09T13:47:14.432276+00:00,2025-09-09T13:47:14.432276+00:00
3dce60057f924471,b5b41427e734406d,pjcopwvbjw2tfyanbi05,2025-09-09T13:47:14.432276+00:00,2025-09-09T13:47:14.432276+00:00
d43a8a59fcd94e02,d4d3f39dd104443d,q1ryn4lhwaeysq8dmzkd,2025-09-09T13:47:14.432276+00:00,2025-09-09T13:47:14.432276+00:00
b37af510f7dd477b,ef1378363e6c4a44,dh0xjqh0mlg8ltq3avqx,2025-09-09T13:47:14.432276+00:00,2025-09-09T13:47:14.432276+00:00
e176ce7ab9c34cd3,f3805fbc732f41e7,099w5n2vmxtjr76mvnni,2025-09-09T13:47:14.432276+00:00,2025-09-09T13:47:14.432276+00:00
cbbe3cfc50be4c55,60d7cc28e5fb42c7,v4rgsno0en8b20duk1qg,2025-09-09T13:47:14.432276+00:00,2025-09-09T13:47:14.432276+00:00
aeb81a9f056447e9,d4be928fb5364f1f,k3ymb1czlmdq291pzzkr,2025-09-09T13:47:14.432276+00:00,2025-09-09T13:47:14.432276+00:00
70bd834dde2d4342,180bff9810ec4f3f,7il4gd1let4am3872hz9,2025-09-09T13:47:14.432276+00:00,2025-09-09T13:47:14.432276+00:00
2a49bcb416df48e3,cbfadb3111cb45d3,9bxu6m5jfvp5ewu3nnta,2025-09-09T13:47:14.432276+00:00,2025-09-09T13:47:14.432276+00:00
5016f997b2c44af7,5343f05194e4482d,xqx9iljnyv0wmes2w0ad,2025-09-09T13:47:14.432276+00:00,2025-09-09T13:47:14.432276+00:00
6b871188026a4851,9f8a30fed55e4a05,e1no5hwa1o9say5jl45r,2025-09-09T13:47:14.432276+00:00,2025-09-09T13:47:14.432276+00:00
d1d9596d81e84555,c5c7807582794a11,5z0vq88xd0wx7fup8mdn,2025-09-09T13:47:14.432276+00:00,2025-09-09T13:47:14.432276+00:00
190618c8d0524b19,17d1fa02026d48ad,8x37tbreaitowatj8uwd,2025-09-09T13:47:14.432276+00:00,2025-09-09T13:47:14.432276+00:00
