id,prophetId,date,startTime,endTime,createdAt,updatedAt
1,ba255008-4d11-43,2025-07-13T00:00:00.000Z,09:00:00,17:00:00,2025-08-23T15:28:16.091Z,2025-08-23T15:28:16.091Z
2,0ef72fb9-a3c6-46,2025-02-28T00:00:00.000Z,09:00:00,17:00:00,2025-08-23T15:28:16.091Z,2025-08-23T15:28:16.091Z
3,833036f0-f38c-4d,2025-04-17T00:00:00.000Z,09:00:00,17:00:00,2025-08-23T15:28:16.091Z,2025-08-23T15:28:16.091Z
4,f8cb1f0e-0269-4b,2025-05-10T00:00:00.000Z,09:00:00,17:00:00,2025-08-23T15:28:16.091Z,2025-08-23T15:28:16.091Z
5,bb8d4798-fd1b-4b,2025-05-11T00:00:00.000Z,09:00:00,17:00:00,2025-08-23T15:28:16.091Z,2025-08-23T15:28:16.091Z
6,405e722f-93f4-48,2025-01-05T00:00:00.000Z,09:00:00,17:00:00,2025-08-23T15:28:16.091Z,2025-08-23T15:28:16.091Z
7,7ae7c921-b2e0-42,2025-04-27T00:00:00.000Z,09:00:00,17:00:00,2025-08-23T15:28:16.091Z,2025-08-23T15:28:16.091Z
8,39abaff9-ae3b-4d,2025-02-19T00:00:00.000Z,09:00:00,17:00:00,2025-08-23T15:28:16.091Z,2025-08-23T15:28:16.091Z
9,d6bbb276-3c6d-47,2025-05-10T00:00:00.000Z,09:00:00,17:00:00,2025-08-23T15:28:16.091Z,2025-08-23T15:28:16.091Z
10,d5273f14-d499-4a,2025-07-27T00:00:00.000Z,09:00:00,17:00:00,2025-08-23T15:28:16.091Z,2025-08-23T15:28:16.091Z
11,5ce6b2bc-6390-41,2025-05-30T00:00:00.000Z,09:00:00,17:00:00,2025-08-23T15:28:16.091Z,2025-08-23T15:28:16.091Z
12,14138ea6-fc19-4c,2025-05-04T00:00:00.000Z,09:00:00,17:00:00,2025-08-23T15:28:16.091Z,2025-08-23T15:28:16.091Z
13,313c2d1a-5c04-41,2025-02-10T00:00:00.000Z,09:00:00,17:00:00,2025-08-23T15:28:16.091Z,2025-08-23T15:28:16.091Z
14,297ac75f-9ced-40,2025-06-19T00:00:00.000Z,09:00:00,17:00:00,2025-08-23T15:28:16.091Z,2025-08-23T15:28:16.091Z
15,833036f0-f38c-4d,2025-04-08T00:00:00.000Z,09:00:00,17:00:00,2025-08-23T15:28:16.091Z,2025-08-23T15:28:16.091Z
16,297ac75f-9ced-40,2025-07-19T00:00:00.000Z,09:00:00,17:00:00,2025-08-23T15:28:16.091Z,2025-08-23T15:28:16.091Z
17,a31cc505-4e90-48,2025-05-03T00:00:00.000Z,09:00:00,17:00:00,2025-08-23T15:28:16.091Z,2025-08-23T15:28:16.091Z
18,b542008f-0057-42,2025-07-01T00:00:00.000Z,09:00:00,17:00:00,2025-08-23T15:28:16.091Z,2025-08-23T15:28:16.091Z
19,1a402e50-5027-42,2025-03-28T00:00:00.000Z,09:00:00,17:00:00,2025-08-23T15:28:16.091Z,2025-08-23T15:28:16.091Z
20,d607bde2-3415-42,2025-04-23T00:00:00.000Z,09:00:00,17:00:00,2025-08-23T15:28:16.091Z,2025-08-23T15:28:16.091Z
21,8c40c758-58c2-44,2025-02-07T00:00:00.000Z,09:00:00,17:00:00,2025-08-23T15:28:16.091Z,2025-08-23T15:28:16.091Z
22,7ddb80ea-95d4-4d,2025-08-20T00:00:00.000Z,09:00:00,17:00:00,2025-08-23T15:28:16.091Z,2025-08-23T15:28:16.091Z
23,f8cb1f0e-0269-4b,2025-04-16T00:00:00.000Z,09:00:00,17:00:00,2025-08-23T15:28:16.091Z,2025-08-23T15:28:16.091Z
24,ac0d5941-8612-4f,2025-01-20T00:00:00.000Z,09:00:00,17:00:00,2025-08-23T15:28:16.091Z,2025-08-23T15:28:16.091Z
25,390982ee-b67e-42,2025-01-30T00:00:00.000Z,09:00:00,17:00:00,2025-08-23T15:28:16.091Z,2025-08-23T15:28:16.091Z
26,390982ee-b67e-42,2025-03-18T00:00:00.000Z,09:00:00,17:00:00,2025-08-23T15:28:16.091Z,2025-08-23T15:28:16.091Z
27,a31cc505-4e90-48,2025-06-19T00:00:00.000Z,09:00:00,17:00:00,2025-08-23T15:28:16.091Z,2025-08-23T15:28:16.091Z
28,390982ee-b67e-42,2025-05-02T00:00:00.000Z,09:00:00,17:00:00,2025-08-23T15:28:16.091Z,2025-08-23T15:28:16.091Z
29,7ddb80ea-95d4-4d,2025-05-04T00:00:00.000Z,09:00:00,17:00:00,2025-08-23T15:28:16.091Z,2025-08-23T15:28:16.091Z
30,57679a69-8c78-47,2025-04-25T00:00:00.000Z,09:00:00,17:00:00,2025-08-23T15:28:16.091Z,2025-08-23T15:28:16.091Z
31,f8cb1f0e-0269-4b,2025-04-10T00:00:00.000Z,09:00:00,17:00:00,2025-08-23T15:28:16.091Z,2025-08-23T15:28:16.091Z
32,a30174b8-6960-45,2025-03-27T00:00:00.000Z,09:00:00,17:00:00,2025-08-23T15:28:16.091Z,2025-08-23T15:28:16.091Z
33,5ce6b2bc-6390-41,2025-02-02T00:00:00.000Z,09:00:00,17:00:00,2025-08-23T15:28:16.091Z,2025-08-23T15:28:16.091Z
34,1e693863-f511-43,2025-03-04T00:00:00.000Z,09:00:00,17:00:00,2025-08-23T15:28:16.091Z,2025-08-23T15:28:16.091Z
35,8c40c758-58c2-44,2025-03-31T00:00:00.000Z,09:00:00,17:00:00,2025-08-23T15:28:16.091Z,2025-08-23T15:28:16.091Z
36,f8cb1f0e-0269-4b,2025-04-17T00:00:00.000Z,09:00:00,17:00:00,2025-08-23T15:28:16.091Z,2025-08-23T15:28:16.091Z
37,27843135-4d20-4d,2025-03-12T00:00:00.000Z,09:00:00,17:00:00,2025-08-23T15:28:16.091Z,2025-08-23T15:28:16.091Z
38,22b1588a-2a5b-46,2025-07-14T00:00:00.000Z,09:00:00,17:00:00,2025-08-23T15:28:16.091Z,2025-08-23T15:28:16.091Z
39,d12cec47-9d83-49,2025-08-08T00:00:00.000Z,09:00:00,17:00:00,2025-08-23T15:28:16.091Z,2025-08-23T15:28:16.091Z
40,8b09ec91-84bd-41,2025-06-18T00:00:00.000Z,09:00:00,17:00:00,2025-08-23T15:28:16.091Z,2025-08-23T15:28:16.091Z
41,ba255008-4d11-43,2025-07-15T00:00:00.000Z,09:00:00,17:00:00,2025-08-23T15:28:16.091Z,2025-08-23T15:28:16.091Z
42,b542008f-0057-42,2025-04-27T00:00:00.000Z,09:00:00,17:00:00,2025-08-23T15:28:16.091Z,2025-08-23T15:28:16.091Z
43,d0420a56-8a8c-4c,2025-05-10T00:00:00.000Z,09:00:00,17:00:00,2025-08-23T15:28:16.091Z,2025-08-23T15:28:16.091Z
44,d5273f14-d499-4a,2025-04-30T00:00:00.000Z,09:00:00,17:00:00,2025-08-23T15:28:16.091Z,2025-08-23T15:28:16.091Z
45,ba255008-4d11-43,2025-05-30T00:00:00.000Z,09:00:00,17:00:00,2025-08-23T15:28:16.091Z,2025-08-23T15:28:16.091Z
46,11f966fb-e735-43,2025-07-08T00:00:00.000Z,09:00:00,17:00:00,2025-08-23T15:28:16.091Z,2025-08-23T15:28:16.091Z
47,7ddb80ea-95d4-4d,2025-01-19T00:00:00.000Z,09:00:00,17:00:00,2025-08-23T15:28:16.091Z,2025-08-23T15:28:16.091Z
48,5056ff22-f4f0-42,2025-03-19T00:00:00.000Z,09:00:00,17:00:00,2025-08-23T15:28:16.091Z,2025-08-23T15:28:16.091Z
49,57679a69-8c78-47,2025-08-19T00:00:00.000Z,09:00:00,17:00:00,2025-08-23T15:28:16.091Z,2025-08-23T15:28:16.091Z
50,7f6b4815-1b8f-4c,2025-01-07T00:00:00.000Z,09:00:00,17:00:00,2025-08-23T15:28:16.091Z,2025-08-23T15:28:16.091Z
