id,booking_id,status,created_at,updated_at
b57bf987ca3f47f4,f0db9d5f40f44057,PROCESSING,2025-08-27T09:17:21.993287+00:00,2025-08-27T09:17:21.993287+00:00
b0f4aa0d67414492,efc0b05a79ca4df1,FAILED,2025-08-27T09:17:21.993287+00:00,2025-08-27T09:17:21.993287+00:00
b045ded0889d4506,95cab594c6624eba,PROCESSING,2025-08-27T09:17:21.993287+00:00,2025-08-27T09:17:21.993287+00:00
fd2ffcdde67d4cbb,072420bd0c6f4b2b,COMPLETED,2025-08-27T09:17:21.993287+00:00,2025-08-27T09:17:21.993287+00:00
07edaad3627a48a6,282d425393ff4b58,PROCESSING,2025-08-27T09:17:21.993287+00:00,2025-08-27T09:17:21.993287+00:00
9ebceaac7c344e60,84c590e0307a4d57,FAILED,2025-08-27T09:17:21.993287+00:00,2025-08-27T09:17:21.993287+00:00
876ba682ea0548ad,42208a74958f4625,FAILED,2025-08-27T09:17:21.993287+00:00,2025-08-27T09:17:21.993287+00:00
6ff6468f6e694055,fa946e3825184c59,COMPLETED,2025-08-27T09:17:21.993287+00:00,2025-08-27T09:17:21.993287+00:00
87d5344281e24c9a,90440914c59e4776,PROCESSING,2025-08-27T09:17:21.993287+00:00,2025-08-27T09:17:21.993287+00:00
22eec5e35f48407a,d8246cb26ca74167,PROCESSING,2025-08-27T09:17:21.993287+00:00,2025-08-27T09:17:21.993287+00:00
7d6d6249f9fd47b3,dfd2b56d2dfe44c5,PROCESSING,2025-08-27T09:17:21.993287+00:00,2025-08-27T09:17:21.993287+00:00
9576da0e78264e73,204852ac51604162,FAILED,2025-08-27T09:17:21.993287+00:00,2025-08-27T09:17:21.993287+00:00
daf234c6be9d4d16,c6206fa95c484179,COMPLETED,2025-08-27T09:17:21.993287+00:00,2025-08-27T09:17:21.993287+00:00
41cbaf2ae1694206,a9ba17e957ac4a11,FAILED,2025-08-27T09:17:21.993287+00:00,2025-08-27T09:17:21.993287+00:00
f0c3c307011f4fd9,3d507566b7574c1a,FAILED,2025-08-27T09:17:21.993287+00:00,2025-08-27T09:17:21.993287+00:00
dffadc0631d74a20,d07c00e4e5d64dab,COMPLETED,2025-08-27T09:17:21.993287+00:00,2025-08-27T09:17:21.993287+00:00
82f40561db4d40a1,47284f16e28f4029,FAILED,2025-08-27T09:17:21.993287+00:00,2025-08-27T09:17:21.993287+00:00
d41d2cf5c8e04e41,101f4df2465641b4,COMPLETED,2025-08-27T09:17:21.993287+00:00,2025-08-27T09:17:21.993287+00:00
55725534bcfd4b84,4006c18aaf124a9f,PROCESSING,2025-08-27T09:17:21.993287+00:00,2025-08-27T09:17:21.993287+00:00
b42f423bfbd64a6c,7016457df3474249,COMPLETED,2025-08-27T09:17:21.993287+00:00,2025-08-27T09:17:21.993287+00:00
701baeaa12004d4c,7c9fdc3acba34885,FAILED,2025-08-27T09:17:21.993287+00:00,2025-08-27T09:17:21.993287+00:00
6a4eb8f6a14b40b2,c838f52ce20d4c87,PROCESSING,2025-08-27T09:17:21.993287+00:00,2025-08-27T09:17:21.993287+00:00
4e79cce6f76644b5,82291474aec444cc,FAILED,2025-08-27T09:17:21.993287+00:00,2025-08-27T09:17:21.993287+00:00
6bca0a91bd694b1c,fb1d6baa34174f3f,PROCESSING,2025-08-27T09:17:21.993287+00:00,2025-08-27T09:17:21.993287+00:00
31d033a974d14c41,e77f9964cdac41ee,PROCESSING,2025-08-27T09:17:21.993287+00:00,2025-08-27T09:17:21.993287+00:00
16ebd4241e884a1e,c894e0ced5cb4480,FAILED,2025-08-27T09:17:21.993287+00:00,2025-08-27T09:17:21.993287+00:00
9e5ffc5e1f8d4823,2f781bd707ee4ef8,FAILED,2025-08-27T09:17:21.993287+00:00,2025-08-27T09:17:21.993287+00:00
bd843a1e67ad4bc8,4b0ca1a03ff24537,COMPLETED,2025-08-27T09:17:21.993287+00:00,2025-08-27T09:17:21.993287+00:00
7d874b65e5ae41d4,c20fcfdbac9d4797,FAILED,2025-08-27T09:17:21.993287+00:00,2025-08-27T09:17:21.993287+00:00
4e1a29716f01470a,6f70c0d5681b4d91,PROCESSING,2025-08-27T09:17:21.993287+00:00,2025-08-27T09:17:21.993287+00:00
3a9d3d4c40504747,6e9bec24747543d2,COMPLETED,2025-08-27T09:17:21.993287+00:00,2025-08-27T09:17:21.993287+00:00
fe8d4f3c94b14c6a,fc673423ef8d4669,FAILED,2025-08-27T09:17:21.993287+00:00,2025-08-27T09:17:21.993287+00:00
04b51f63e5414c4b,894ccd09e1ce4c8b,FAILED,2025-08-27T09:17:21.993287+00:00,2025-08-27T09:17:21.993287+00:00
8ddd07b11f674312,d0ff2b7107b44826,COMPLETED,2025-08-27T09:17:21.993287+00:00,2025-08-27T09:17:21.993287+00:00
a6e0367230654edd,8d78efea9dcc45f9,COMPLETED,2025-08-27T09:17:21.993287+00:00,2025-08-27T09:17:21.993287+00:00
41690f47ae2e43c2,ae0ff98aacaa42f5,COMPLETED,2025-08-27T09:17:21.993287+00:00,2025-08-27T09:17:21.993287+00:00
0efd9d1d01624d26,eda9fe7876244bf1,FAILED,2025-08-27T09:17:21.993287+00:00,2025-08-27T09:17:21.993287+00:00
8096abcfce154e06,3dfeb00d581245f2,FAILED,2025-08-27T09:17:21.993287+00:00,2025-08-27T09:17:21.993287+00:00
32437009322542c1,a2a104282ee04371,COMPLETED,2025-08-27T09:17:21.993287+00:00,2025-08-27T09:17:21.993287+00:00
91ddfbba3d434671,029f545ae01d4785,FAILED,2025-08-27T09:17:21.993287+00:00,2025-08-27T09:17:21.993287+00:00
3b48c13d04de4af5,4618a36d4a344a08,FAILED,2025-08-27T09:17:21.993287+00:00,2025-08-27T09:17:21.993287+00:00
33381e2b3fe7490d,0125fbcfc65343b8,FAILED,2025-08-27T09:17:21.993287+00:00,2025-08-27T09:17:21.993287+00:00
4e1cc36a8dfc46e3,c3f07c89cf044b09,PROCESSING,2025-08-27T09:17:21.993287+00:00,2025-08-27T09:17:21.993287+00:00
36c9a88513e0480d,cf84bba8caf24186,PROCESSING,2025-08-27T09:17:21.993287+00:00,2025-08-27T09:17:21.993287+00:00
48343032bb0d417d,d4a81d6bbefb4a05,FAILED,2025-08-27T09:17:21.993287+00:00,2025-08-27T09:17:21.993287+00:00
b8ead6d6f35c4713,2eb0b9d7432744ad,FAILED,2025-08-27T09:17:21.993287+00:00,2025-08-27T09:17:21.993287+00:00
0f4c1976c38d4dc5,d4c80f2dcdd846fc,COMPLETED,2025-08-27T09:17:21.993287+00:00,2025-08-27T09:17:21.993287+00:00
c753b9924d12429c,aa8cbaaf10804a11,PROCESSING,2025-08-27T09:17:21.993287+00:00,2025-08-27T09:17:21.993287+00:00
4755ae3718764af1,d688e9caad76401b,FAILED,2025-08-27T09:17:21.993287+00:00,2025-08-27T09:17:21.993287+00:00
1877402fccda4512,5effe31d798948cc,PROCESSING,2025-08-27T09:17:21.993287+00:00,2025-08-27T09:17:21.993287+00:00
a437e75e21ee40d0,0c1b4f3e603f4941,FAILED,2025-08-27T09:17:21.993287+00:00,2025-08-27T09:17:21.993287+00:00
b25180a24c2b4bed,545702fe1f394a1d,PROCESSING,2025-08-27T09:17:21.993287+00:00,2025-08-27T09:17:21.993287+00:00
a78594d04ee74a27,c170a59036ca4011,PROCESSING,2025-08-27T09:17:21.993287+00:00,2025-08-27T09:17:21.993287+00:00
eea1aecda97746b4,f4f20f8e6ac948c0,PROCESSING,2025-08-27T09:17:21.993287+00:00,2025-08-27T09:17:21.993287+00:00
ee45b06dbd17498c,e3aa6a1047be4f8a,FAILED,2025-08-27T09:17:21.993287+00:00,2025-08-27T09:17:21.993287+00:00
7bbaa006dfa24b47,2c7bbcaa1eeb451b,PROCESSING,2025-08-27T09:17:21.993287+00:00,2025-08-27T09:17:21.993287+00:00
7fbb9d568dd54dfb,0fb4c63bf3834a26,PROCESSING,2025-08-27T09:17:21.993287+00:00,2025-08-27T09:17:21.993287+00:00
0d3195c3c97948e0,b916c84cf7554ca3,PROCESSING,2025-08-27T09:17:21.993287+00:00,2025-08-27T09:17:21.993287+00:00
310bcb606a34444f,d203b84e8791474e,COMPLETED,2025-08-27T09:17:21.993287+00:00,2025-08-27T09:17:21.993287+00:00
418ff53a59884a18,4e5f0edbd3fc4e13,COMPLETED,2025-08-27T09:17:21.993287+00:00,2025-08-27T09:17:21.993287+00:00
575cf967104840e3,c257809668d94013,FAILED,2025-08-27T09:17:21.993287+00:00,2025-08-27T09:17:21.993287+00:00
c8677a8957ab4288,c56a0ccbe876456e,COMPLETED,2025-08-27T09:17:21.993287+00:00,2025-08-27T09:17:21.993287+00:00
2d088fef89ad485f,761ffdbada11424f,COMPLETED,2025-08-27T09:17:21.993287+00:00,2025-08-27T09:17:21.993287+00:00
51eb092b541e4ad2,22292da314d14341,COMPLETED,2025-08-27T09:17:21.993287+00:00,2025-08-27T09:17:21.993287+00:00
dbed54713fb64f34,9307e57164b743d6,PROCESSING,2025-08-27T09:17:21.993287+00:00,2025-08-27T09:17:21.993287+00:00
a787fb6722c14424,78fcd32c53474f2b,FAILED,2025-08-27T09:17:21.993287+00:00,2025-08-27T09:17:21.993287+00:00
96987e789e0f46b6,38a172f14cbe408b,COMPLETED,2025-08-27T09:17:21.993287+00:00,2025-08-27T09:17:21.993287+00:00
be001742c7044066,0b4f211705ae47b0,PROCESSING,2025-08-27T09:17:21.993287+00:00,2025-08-27T09:17:21.993287+00:00
92b3ac5c40de42eb,5c4867bcd5ed40c5,PROCESSING,2025-08-27T09:17:21.993287+00:00,2025-08-27T09:17:21.993287+00:00
a27369d61ca44d8b,49c987cecd554d04,PROCESSING,2025-08-27T09:17:21.993287+00:00,2025-08-27T09:17:21.993287+00:00
466838b9edf3464d,0e851b73cb1046b1,FAILED,2025-08-27T09:17:21.993287+00:00,2025-08-27T09:17:21.993287+00:00
3c9100cb826b4e90,d0fdae8b7ed5414a,FAILED,2025-08-27T09:17:21.993287+00:00,2025-08-27T09:17:21.993287+00:00
1b8870a2b56c4100,646fd89aa9cc457f,PROCESSING,2025-08-27T09:17:21.993287+00:00,2025-08-27T09:17:21.993287+00:00
763e5e7b55624837,b7db21b8bc5f4493,PROCESSING,2025-08-27T09:17:21.993287+00:00,2025-08-27T09:17:21.993287+00:00
163dc3c073ed4a32,371f633267204345,PROCESSING,2025-08-27T09:17:21.993287+00:00,2025-08-27T09:17:21.993287+00:00
a8268f02125243f7,0fc0cad32951412f,FAILED,2025-08-27T09:17:21.993287+00:00,2025-08-27T09:17:21.993287+00:00
dae5ea2ec7ac4e06,dcc47f1413ee40ff,FAILED,2025-08-27T09:17:21.993287+00:00,2025-08-27T09:17:21.993287+00:00
94eb96996787423d,4e474a32c2d04200,COMPLETED,2025-08-27T09:17:21.993287+00:00,2025-08-27T09:17:21.993287+00:00
fbc5b4cd13734836,5a065546c170492f,PROCESSING,2025-08-27T09:17:21.993287+00:00,2025-08-27T09:17:21.993287+00:00
e3df8aa55156446f,10b6f4d1b12d4059,FAILED,2025-08-27T09:17:21.993287+00:00,2025-08-27T09:17:21.993287+00:00
0c0933027c4a41c2,6cbe046aaeb94b0e,PROCESSING,2025-08-27T09:17:21.993287+00:00,2025-08-27T09:17:21.993287+00:00
dc62340c03234442,098f0aace2c14a2a,COMPLETED,2025-08-27T09:17:21.993287+00:00,2025-08-27T09:17:21.993287+00:00
92df47eb70e54edb,8e6963fc5e334800,FAILED,2025-08-27T09:17:21.993287+00:00,2025-08-27T09:17:21.993287+00:00
d9164ba34c8d4a10,ba4861ef8c404125,FAILED,2025-08-27T09:17:21.993287+00:00,2025-08-27T09:17:21.993287+00:00
9a4f9a4a10a448c2,2855b49938114b93,COMPLETED,2025-08-27T09:17:21.993287+00:00,2025-08-27T09:17:21.993287+00:00
bc3d75891d0e4c0f,d729ad818f5e4575,PROCESSING,2025-08-27T09:17:21.993287+00:00,2025-08-27T09:17:21.993287+00:00
3108a9cb06824b4d,9018fc4dc4f349cf,PROCESSING,2025-08-27T09:17:21.993287+00:00,2025-08-27T09:17:21.993287+00:00
c5b9f0da7a9b40aa,89b9025d13fd40d6,FAILED,2025-08-27T09:17:21.993287+00:00,2025-08-27T09:17:21.993287+00:00
d3cb148fd744496b,4fbfdb96a44248ca,PROCESSING,2025-08-27T09:17:21.993287+00:00,2025-08-27T09:17:21.993287+00:00
865e469091644a58,5b9be116c6d2496a,COMPLETED,2025-08-27T09:17:21.993287+00:00,2025-08-27T09:17:21.993287+00:00
1c158bd6abc54b8a,571ee0f393744be1,PROCESSING,2025-08-27T09:17:21.993287+00:00,2025-08-27T09:17:21.993287+00:00
c2ae833c2316438a,a2aab31016a349bb,PROCESSING,2025-08-27T09:17:21.993287+00:00,2025-08-27T09:17:21.993287+00:00
660a3721e7eb41d0,17b5b72d510a474c,PROCESSING,2025-08-27T09:17:21.993287+00:00,2025-08-27T09:17:21.993287+00:00
200a383832014870,3dcb10b9a0054c8d,PROCESSING,2025-08-27T09:17:21.993287+00:00,2025-08-27T09:17:21.993287+00:00
afad9677fede4502,4d9ba69eae3e4f04,PROCESSING,2025-08-27T09:17:21.993287+00:00,2025-08-27T09:17:21.993287+00:00
36efe47140c64557,dc072aced7e24f62,PROCESSING,2025-08-27T09:17:21.993287+00:00,2025-08-27T09:17:21.993287+00:00
61b2ced9428a4036,db08b378353b4ca3,COMPLETED,2025-08-27T09:17:21.993287+00:00,2025-08-27T09:17:21.993287+00:00
d4458c2eef7845fc,76b637bbdc9c4920,COMPLETED,2025-08-27T09:17:21.993287+00:00,2025-08-27T09:17:21.993287+00:00
62c5e4616f644b13,f3842eba04654125,PROCESSING,2025-08-27T09:17:21.993287+00:00,2025-08-27T09:17:21.993287+00:00
54aa4a9abe264d3f,d170a1647f994f4b,FAILED,2025-08-27T09:17:21.993287+00:00,2025-08-27T09:17:21.993287+00:00
2400ad9231534d61,030780c97d134df0,FAILED,2025-08-27T09:17:21.993287+00:00,2025-08-27T09:17:21.993287+00:00
c16666c7919e43b1,2b709e8a0a06418e,FAILED,2025-08-27T09:17:21.993287+00:00,2025-08-27T09:17:21.993287+00:00
706fe6739f394b5c,99c79f2a7a844ab3,PROCESSING,2025-08-27T09:17:21.993287+00:00,2025-08-27T09:17:21.993287+00:00
0e703501066f41fb,4c87d6b95dc74d55,FAILED,2025-08-27T09:17:21.993287+00:00,2025-08-27T09:17:21.993287+00:00
c774500f09dc46ed,68cf3b5dc3d24cb0,FAILED,2025-08-27T09:17:21.993287+00:00,2025-08-27T09:17:21.993287+00:00
3795ec21066f4d5d,3fc5eef37d5c4a86,FAILED,2025-08-27T09:17:21.993287+00:00,2025-08-27T09:17:21.993287+00:00
e3346540ea864d30,20e28bc912f1448b,FAILED,2025-08-27T09:17:21.993287+00:00,2025-08-27T09:17:21.993287+00:00
d7317ff5b4c44d72,161dd18942f24698,COMPLETED,2025-08-27T09:17:21.993287+00:00,2025-08-27T09:17:21.993287+00:00
6d117a92edfc4d1a,40a60964ab934696,COMPLETED,2025-08-27T09:17:21.993287+00:00,2025-08-27T09:17:21.993287+00:00
6ecc9f7156b345c1,055704fa56a84510,FAILED,2025-08-27T09:17:21.993287+00:00,2025-08-27T09:17:21.993287+00:00
2dd8b11c21f44a9d,6c0b4c79a172450e,FAILED,2025-08-27T09:17:21.993287+00:00,2025-08-27T09:17:21.993287+00:00
bf0cd373ccff49fc,18c55b4e271743c8,COMPLETED,2025-08-27T09:17:21.993287+00:00,2025-08-27T09:17:21.993287+00:00
00f00c92474e4b6c,20f64e2e06a6466f,PROCESSING,2025-08-27T09:17:21.993287+00:00,2025-08-27T09:17:21.993287+00:00
4d50eae02922437f,6605b4e62c734635,PROCESSING,2025-08-27T09:17:21.993287+00:00,2025-08-27T09:17:21.993287+00:00
8104bf6ff7704790,e100810f694c4e22,PROCESSING,2025-08-27T09:17:21.993287+00:00,2025-08-27T09:17:21.993287+00:00
