id,prophet_id,account_name,account_number,bank,created_at,updated_at
ad5e8ff40a284f76,b1bb491ffbd14993,Sarah Williams,72024711755,KBANK,2025-08-27T08:16:26.304361+00:00,2025-08-27T08:16:26.304361+00:00
819828ddeca1473d,ea6f5844d9a44508,Olivia Jones,884136161533,TTB,2025-08-27T08:16:26.304361+00:00,2025-08-27T08:16:26.304361+00:00
3b56ac20aa054cf0,becb3ac22456458e,Olivia Rodriguez,31946204006,KBANK,2025-08-27T08:16:26.304361+00:00,2025-08-27T08:16:26.304361+00:00
b650d0adaa574fc6,becb3ac22456458e,Isabella Miller,9970200599,GSB,2025-08-27T08:16:26.304361+00:00,2025-08-27T08:16:26.304361+00:00
8a7db21d1f834bcf,235d2a761fd8472f,Olivia Brown,694304586388,TTB,2025-08-27T08:16:26.304361+00:00,2025-08-27T08:16:26.304361+00:00
2f9bc6b3b9f24373,42f6df25a966433a,Charlie Wilson,8954346566,TTB,2025-08-27T08:16:26.304361+00:00,2025-08-27T08:16:26.304361+00:00
0fbef4cb265b4bc0,42f6df25a966433a,Michael Brown,80981564015,CIMB,2025-08-27T08:16:26.304361+00:00,2025-08-27T08:16:26.304361+00:00
612ef73f9be141d1,b144197a65d240e0,David Jones,60555913106,UOB,2025-08-27T08:16:26.304361+00:00,2025-08-27T08:16:26.304361+00:00
2330d7e322874698,6237a3297a964a6d,Emma Brown,684128706258,KTB,2025-08-27T08:16:26.304361+00:00,2025-08-27T08:16:26.304361+00:00
e531b9416db64401,6237a3297a964a6d,William Williams,43795369062,BAY,2025-08-27T08:16:26.304361+00:00,2025-08-27T08:16:26.304361+00:00
ad7d7bb2c6eb42c4,ce03233da59140e5,Emma Johnson,98359787786,KTB,2025-08-27T08:16:26.304361+00:00,2025-08-27T08:16:26.304361+00:00
d7ece3f80c0d42fb,ce03233da59140e5,Jane Smith,0835444851,KBANK,2025-08-27T08:16:26.304361+00:00,2025-08-27T08:16:26.304361+00:00
6795a220dc584908,18c3eca07f264294,Emily Smith,953070869667,BAY,2025-08-27T08:16:26.304361+00:00,2025-08-27T08:16:26.304361+00:00
cf86a9af2def4867,18c3eca07f264294,Emma Brown,240223826560,CIMB,2025-08-27T08:16:26.304361+00:00,2025-08-27T08:16:26.304361+00:00
a69a526e95064bdb,982761da4d674f7c,James Johnson,3901690382,CIMB,2025-08-27T08:16:26.304361+00:00,2025-08-27T08:16:26.304361+00:00
d82156e371c648cd,982761da4d674f7c,Isabella Wilson,703274029271,UOB,2025-08-27T08:16:26.304361+00:00,2025-08-27T08:16:26.304361+00:00
09643ab571014d99,7732608d4d5341dd,Michael Miller,50320772646,KTB,2025-08-27T08:16:26.304361+00:00,2025-08-27T08:16:26.304361+00:00
d8bb3069aff246b1,7732608d4d5341dd,Sophia Rodriguez,5006871295,GSB,2025-08-27T08:16:26.304361+00:00,2025-08-27T08:16:26.304361+00:00
a2e90c346e244ef0,c753f45b04524539,John Gonzalez,622961320604,SCB,2025-08-27T08:16:26.304361+00:00,2025-08-27T08:16:26.304361+00:00
b9d182b5ba5b4cb1,070c6e2069f6464e,Jane Davis,44269096254,TTB,2025-08-27T08:16:26.304361+00:00,2025-08-27T08:16:26.304361+00:00
96ad2d391fad4292,5c52ed9bec314fc1,Emily Martinez,175626195583,SCB,2025-08-27T08:16:26.304361+00:00,2025-08-27T08:16:26.304361+00:00
903b31d31eb64915,5c52ed9bec314fc1,Daniel Davis,51136296165,CIMB,2025-08-27T08:16:26.304361+00:00,2025-08-27T08:16:26.304361+00:00
3a17e6e705ca4579,599359a469314c3d,Emma Hernandez,96371013227,TTB,2025-08-27T08:16:26.304361+00:00,2025-08-27T08:16:26.304361+00:00
47473dc3591d4ad0,599359a469314c3d,Isabella Johnson,84509715636,TTB,2025-08-27T08:16:26.304361+00:00,2025-08-27T08:16:26.304361+00:00
42ffeb4c2f334400,0bd3efcb69ee4e61,Alice Jones,0351233005,KBANK,2025-08-27T08:16:26.304361+00:00,2025-08-27T08:16:26.304361+00:00
c5253b68635b4b60,e80ac66bde414374,Sophia Brown,23222442034,UOB,2025-08-27T08:16:26.304361+00:00,2025-08-27T08:16:26.304361+00:00
dc02af576cf345e6,3f3706f4795a4833,Olivia Gonzalez,3246675462,UOB,2025-08-27T08:16:26.304361+00:00,2025-08-27T08:16:26.304361+00:00
9bc94cedf68f43c6,3f3706f4795a4833,Jane Smith,77400111118,KBANK,2025-08-27T08:16:26.304361+00:00,2025-08-27T08:16:26.304361+00:00
784aa1f8ac554684,c85e495830de4413,Daniel Garcia,0020408729,KTB,2025-08-27T08:16:26.304361+00:00,2025-08-27T08:16:26.304361+00:00
4fef02f3b95c4882,d3e473d704c241d8,Bob Hernandez,784177297508,BAAC,2025-08-27T08:16:26.304361+00:00,2025-08-27T08:16:26.304361+00:00
f3ab306c50584b61,8889ecc5b08c44c4,Jane Johnson,47185014758,KTB,2025-08-27T08:16:26.304361+00:00,2025-08-27T08:16:26.304361+00:00
cb31c30ade5c4c6d,8889ecc5b08c44c4,Emma Wilson,17384519231,CIMB,2025-08-27T08:16:26.304361+00:00,2025-08-27T08:16:26.304361+00:00
c26f3ef0c9f84b90,e21ed684d544413a,Charlie Jones,804665744124,KBANK,2025-08-27T08:16:26.304361+00:00,2025-08-27T08:16:26.304361+00:00
c9577888b06f49b8,841f0d1cc44f4b62,Sarah Brown,1932500890,KTB,2025-08-27T08:16:26.304361+00:00,2025-08-27T08:16:26.304361+00:00
7b3b4cc936ad45fc,841f0d1cc44f4b62,Emma Smith,641712741188,KTB,2025-08-27T08:16:26.304361+00:00,2025-08-27T08:16:26.304361+00:00
56d04201c3b747aa,2b8d453c74844d4d,Charlie Garcia,3626718010,SCB,2025-08-27T08:16:26.304361+00:00,2025-08-27T08:16:26.304361+00:00
0d3a950e3acb4f0f,084434a80c5d4978,Olivia Williams,143489928649,UOB,2025-08-27T08:16:26.304361+00:00,2025-08-27T08:16:26.304361+00:00
1cf277f3393e40f1,36c22724eec44e19,Olivia Lopez,808873189408,BAY,2025-08-27T08:16:26.304361+00:00,2025-08-27T08:16:26.304361+00:00
e43d055e72fa4a4b,9df903f2b5ee4f37,Jane Brown,69186580138,UOB,2025-08-27T08:16:26.304361+00:00,2025-08-27T08:16:26.304361+00:00
64407d00433d480e,9df903f2b5ee4f37,Sophia Smith,3441874356,UOB,2025-08-27T08:16:26.304361+00:00,2025-08-27T08:16:26.304361+00:00
72235cc0aa7b4a3f,8c8d0f6469a844c5,Emma Hernandez,488723350468,CIMB,2025-08-27T08:16:26.304361+00:00,2025-08-27T08:16:26.304361+00:00
c73ca38a91634a99,7b703c41231943a3,Olivia Smith,869104790592,BAAC,2025-08-27T08:16:26.304361+00:00,2025-08-27T08:16:26.304361+00:00
2f5b857b16214bea,7b703c41231943a3,Bob Davis,4430675909,BBL,2025-08-27T08:16:26.304361+00:00,2025-08-27T08:16:26.304361+00:00
855961a95b8a461b,c45941773454451c,William Lopez,44399200868,GSB,2025-08-27T08:16:26.304361+00:00,2025-08-27T08:16:26.304361+00:00
e33ab0219ab94d01,d1da75174e3c45b4,James Martinez,605963573285,BAY,2025-08-27T08:16:26.304361+00:00,2025-08-27T08:16:26.304361+00:00
13a2c60f1d404997,7677591136124940,Sarah Garcia,242991580757,GSB,2025-08-27T08:16:26.304361+00:00,2025-08-27T08:16:26.304361+00:00
89d54e8841ec4898,f12a1e7e7c674d19,Sarah Williams,6587886041,SCB,2025-08-27T08:16:26.304361+00:00,2025-08-27T08:16:26.304361+00:00
4c35b4df2cf444c3,f12a1e7e7c674d19,Michael Jones,88753655653,SCB,2025-08-27T08:16:26.304361+00:00,2025-08-27T08:16:26.304361+00:00
8ed09062c0424965,3261017c414c42b7,Jane Johnson,725970190836,CIMB,2025-08-27T08:16:26.304361+00:00,2025-08-27T08:16:26.304361+00:00
f34793165573449e,3261017c414c42b7,John Wilson,5528988671,KTB,2025-08-27T08:16:26.304361+00:00,2025-08-27T08:16:26.304361+00:00
3b29d491c1b34201,e77396955ee54cf3,Charlie Jones,12980726258,GSB,2025-08-27T08:16:26.304361+00:00,2025-08-27T08:16:26.304361+00:00
8629dc2033fa4c92,e77396955ee54cf3,Olivia Jones,280506211248,BAY,2025-08-27T08:16:26.304361+00:00,2025-08-27T08:16:26.304361+00:00
09e409fa0e964d9f,df8158d3b9684032,Daniel Miller,46881376896,KBANK,2025-08-27T08:16:26.304361+00:00,2025-08-27T08:16:26.304361+00:00
7e9f908ce589483e,df8158d3b9684032,Michael Davis,3971083975,KBANK,2025-08-27T08:16:26.304361+00:00,2025-08-27T08:16:26.304361+00:00
463c68dc4b8649b3,7817fa4cc28c476c,Emma Martinez,7242929724,BBL,2025-08-27T08:16:26.304361+00:00,2025-08-27T08:16:26.304361+00:00
d29ff14127ad4930,a5fb22b33d0f4e7a,Sophia Wilson,2879430384,UOB,2025-08-27T08:16:26.304361+00:00,2025-08-27T08:16:26.304361+00:00
2ab40d0a4c734d1a,5eb510cb0c6848a1,Sophia Wilson,879051006011,BAY,2025-08-27T08:16:26.304361+00:00,2025-08-27T08:16:26.304361+00:00
8276d68c2d6c4a09,5eb510cb0c6848a1,Jane Garcia,24351831916,KTB,2025-08-27T08:16:26.304361+00:00,2025-08-27T08:16:26.304361+00:00
939a69a56b1f485c,68338b09598b46c6,Michael Williams,056387890555,KBANK,2025-08-27T08:16:26.304361+00:00,2025-08-27T08:16:26.304361+00:00
150408f4cf1d45bf,68338b09598b46c6,Bob Brown,98491740003,BAY,2025-08-27T08:16:26.304361+00:00,2025-08-27T08:16:26.304361+00:00
65de78f5ba90495a,96a34e0626c845a3,Daniel Jones,066744802409,KBANK,2025-08-27T08:16:26.304361+00:00,2025-08-27T08:16:26.304361+00:00
f3a1ce5490e64091,8ab3f1c9691546d3,John Davis,564491586454,TTB,2025-08-27T08:16:26.304361+00:00,2025-08-27T08:16:26.304361+00:00
d56d84bcd1a74547,3a4cdfc48dfc4515,Michael Smith,1746414402,BBL,2025-08-27T08:16:26.304361+00:00,2025-08-27T08:16:26.304361+00:00
0909551c2d354b8d,0270b379e8ad470d,Sophia Lopez,81622386869,UOB,2025-08-27T08:16:26.304361+00:00,2025-08-27T08:16:26.304361+00:00
785354f9e3634b06,ee461e298f3b409d,Bob Williams,32942890633,BAAC,2025-08-27T08:16:26.304361+00:00,2025-08-27T08:16:26.304361+00:00
29e19c69d1574b52,8919c95728e549a9,Isabella Davis,8960400491,BAY,2025-08-27T08:16:26.304361+00:00,2025-08-27T08:16:26.304361+00:00
b87f21fde4a6497c,eaa467ef34134703,John Brown,3051754090,BAY,2025-08-27T08:16:26.304361+00:00,2025-08-27T08:16:26.304361+00:00
6d73b519cdf44802,eaa467ef34134703,Alice Jones,438746202572,BBL,2025-08-27T08:16:26.304361+00:00,2025-08-27T08:16:26.304361+00:00
74bfaec3b76d4ad8,9d0f9d05872149f5,Sophia Martinez,9782875779,CIMB,2025-08-27T08:16:26.304361+00:00,2025-08-27T08:16:26.304361+00:00
a762756e0ea245e8,e6cbe4c2b77e48ba,Michael Brown,20209827755,KBANK,2025-08-27T08:16:26.304361+00:00,2025-08-27T08:16:26.304361+00:00
d648eb4de2b24881,e6cbe4c2b77e48ba,Jane Rodriguez,8956868023,UOB,2025-08-27T08:16:26.304361+00:00,2025-08-27T08:16:26.304361+00:00
a850ba8fe958404b,a4a1023634bc4584,Daniel Hernandez,865816193103,KBANK,2025-08-27T08:16:26.304361+00:00,2025-08-27T08:16:26.304361+00:00
b1a63eea96254c3a,a4a1023634bc4584,Jane Williams,41450982703,UOB,2025-08-27T08:16:26.304361+00:00,2025-08-27T08:16:26.304361+00:00
