account_id,name,lastname,profile_url,phone_number,gender,created_at,updated_at
86ca2526926641f0,Bob,Brown,https://example.com/profile/c9f1ea2d1bf34c78.jpg,+66926275791,LGBTQ_PLUS,2025-08-27T08:16:26.304361+00:00,2025-08-27T08:16:26.304361+00:00
334543a9300a4350,Charlie,Lopez,https://example.com/profile/958eb4636ef444d5.jpg,+66360690541,FEMALE,2025-08-27T08:16:26.304361+00:00,2025-08-27T08:16:26.304361+00:00
1bf0cbca64e145a6,Emily,Gonzalez,https://example.com/profile/ecd79aad2da34614.jpg,+66610020984,FEMALE,2025-08-27T08:16:26.304361+00:00,2025-08-27T08:16:26.304361+00:00
62c245c5c87d43b5,William,Johnson,https://example.com/profile/4a59874749194687.jpg,+66575089727,FEMALE,2025-08-27T08:16:26.304361+00:00,2025-08-27T08:16:26.304361+00:00
b8be57bc7f8142b6,Olivia,Rodriguez,https://example.com/profile/3cc53289583a4633.jpg,+66745213314,MALE,2025-08-27T08:16:26.304361+00:00,2025-08-27T08:16:26.304361+00:00
8f4d9f792a2946f4,Michael,Davis,https://example.com/profile/599abcee61b0479c.jpg,+66293529033,FEMALE,2025-08-27T08:16:26.304361+00:00,2025-08-27T08:16:26.304361+00:00
a56fababfb884904,James,Lopez,https://example.com/profile/fda87125269d4bce.jpg,+66171310151,MALE,2025-08-27T08:16:26.304361+00:00,2025-08-27T08:16:26.304361+00:00
27046390da2f4444,Michael,Martinez,https://example.com/profile/dc1e0981d42c4976.jpg,+66912079589,UNDEFINED,2025-08-27T08:16:26.304361+00:00,2025-08-27T08:16:26.304361+00:00
d8671938a776414f,Sophia,Brown,https://example.com/profile/e261b4c5a08a4931.jpg,+66739648381,LGBTQ_PLUS,2025-08-27T08:16:26.304361+00:00,2025-08-27T08:16:26.304361+00:00
1abcfaa6bf524fea,James,Garcia,https://example.com/profile/6884a93feb0449ab.jpg,+66698340505,UNDEFINED,2025-08-27T08:16:26.304361+00:00,2025-08-27T08:16:26.304361+00:00
46f69bff872742a6,John,Smith,https://example.com/profile/2cb9ba51d83c4f36.jpg,+66181267791,LGBTQ_PLUS,2025-08-27T08:16:26.304361+00:00,2025-08-27T08:16:26.304361+00:00
736db0437ccb49d8,Daniel,Miller,https://example.com/profile/073b679d23b543d5.jpg,+66286858725,MALE,2025-08-27T08:16:26.304361+00:00,2025-08-27T08:16:26.304361+00:00
dc30d63f568c4eae,Alice,Martinez,https://example.com/profile/bf30b6e0a1f54e20.jpg,+66954424842,UNDEFINED,2025-08-27T08:16:26.304361+00:00,2025-08-27T08:16:26.304361+00:00
d55b7722e7754218,William,Lopez,https://example.com/profile/c943660800704708.jpg,+66561177585,UNDEFINED,2025-08-27T08:16:26.304361+00:00,2025-08-27T08:16:26.304361+00:00
fb70564160e845c1,William,Williams,https://example.com/profile/01e7dc15d7bc46af.jpg,+66693961916,MALE,2025-08-27T08:16:26.304361+00:00,2025-08-27T08:16:26.304361+00:00
3d60c4b7c1c143a1,Sophia,Brown,https://example.com/profile/dc508617a2a84fba.jpg,+66712354679,LGBTQ_PLUS,2025-08-27T08:16:26.304361+00:00,2025-08-27T08:16:26.304361+00:00
bb56dae9f4b74391,Emma,Brown,https://example.com/profile/dd35656f60e149ff.jpg,+66582660273,FEMALE,2025-08-27T08:16:26.304361+00:00,2025-08-27T08:16:26.304361+00:00
33f8ec3162e14abe,Daniel,Garcia,https://example.com/profile/6cb0752fb46741ed.jpg,+66373979859,MALE,2025-08-27T08:16:26.304361+00:00,2025-08-27T08:16:26.304361+00:00
6f61303a5dd04a15,Emily,Gonzalez,https://example.com/profile/05b0cf5a610048ed.jpg,+66674000297,LGBTQ_PLUS,2025-08-27T08:16:26.304361+00:00,2025-08-27T08:16:26.304361+00:00
a70eb2cadd574a44,Sophia,Johnson,https://example.com/profile/3c38b61a85be4da1.jpg,+66551021951,MALE,2025-08-27T08:16:26.304361+00:00,2025-08-27T08:16:26.304361+00:00
5806b0fbdd154322,Alice,Jones,https://example.com/profile/dd9eb4b245474eb7.jpg,+66980450623,FEMALE,2025-08-27T08:16:26.304361+00:00,2025-08-27T08:16:26.304361+00:00
d416ac65e4cb4a57,Emily,Lopez,https://example.com/profile/08547eebda5d4c87.jpg,+66126149975,LGBTQ_PLUS,2025-08-27T08:16:26.304361+00:00,2025-08-27T08:16:26.304361+00:00
aa1ea887b63c4d3e,Daniel,Martinez,https://example.com/profile/2d3d50a389364168.jpg,+66479236295,LGBTQ_PLUS,2025-08-27T08:16:26.304361+00:00,2025-08-27T08:16:26.304361+00:00
996e314c36d54825,Olivia,Garcia,https://example.com/profile/ba25fae4378a4ea8.jpg,+66110003074,UNDEFINED,2025-08-27T08:16:26.304361+00:00,2025-08-27T08:16:26.304361+00:00
cbc2cb940be44581,Jane,Davis,https://example.com/profile/dfb83427132a499f.jpg,+66401065500,LGBTQ_PLUS,2025-08-27T08:16:26.304361+00:00,2025-08-27T08:16:26.304361+00:00
c3f941eb216542b1,Isabella,Lopez,https://example.com/profile/0b0cd2ee3b4444bb.jpg,+66599465997,FEMALE,2025-08-27T08:16:26.304361+00:00,2025-08-27T08:16:26.304361+00:00
cdd161a0ad8f48f1,Olivia,Lopez,https://example.com/profile/26ab7b2f7d734197.jpg,+66806408621,MALE,2025-08-27T08:16:26.304361+00:00,2025-08-27T08:16:26.304361+00:00
f7994d92282d4134,Jane,Johnson,https://example.com/profile/5c158a9330e34cad.jpg,+66733444036,MALE,2025-08-27T08:16:26.304361+00:00,2025-08-27T08:16:26.304361+00:00
0527acdc5ad541a0,Daniel,Gonzalez,https://example.com/profile/ea7759c311104d9e.jpg,+66201935591,UNDEFINED,2025-08-27T08:16:26.304361+00:00,2025-08-27T08:16:26.304361+00:00
63d66f4d154540c7,Michael,Garcia,https://example.com/profile/620786e04e0e4bee.jpg,+66533672626,LGBTQ_PLUS,2025-08-27T08:16:26.304361+00:00,2025-08-27T08:16:26.304361+00:00
d32f27ac3560464e,James,Wilson,https://example.com/profile/6cfce1162fb34336.jpg,+66251573449,LGBTQ_PLUS,2025-08-27T08:16:26.304361+00:00,2025-08-27T08:16:26.304361+00:00
6edc54a1361d4c7a,Sophia,Gonzalez,https://example.com/profile/8dfb6c6486354d78.jpg,+66569436227,MALE,2025-08-27T08:16:26.304361+00:00,2025-08-27T08:16:26.304361+00:00
8eaa21d5ce94459f,Isabella,Gonzalez,https://example.com/profile/e16fe42d421c49e0.jpg,+66341427143,LGBTQ_PLUS,2025-08-27T08:16:26.304361+00:00,2025-08-27T08:16:26.304361+00:00
993e8d14c11a4124,Emma,Brown,https://example.com/profile/aa401f7693a44238.jpg,+66129013366,LGBTQ_PLUS,2025-08-27T08:16:26.304361+00:00,2025-08-27T08:16:26.304361+00:00
8de3f554e2a34316,Emma,Smith,https://example.com/profile/e360d851e26f48c7.jpg,+66756223916,UNDEFINED,2025-08-27T08:16:26.304361+00:00,2025-08-27T08:16:26.304361+00:00
7b1df889a44c4a67,Bob,Johnson,https://example.com/profile/e1492986534d4414.jpg,+66495758590,FEMALE,2025-08-27T08:16:26.304361+00:00,2025-08-27T08:16:26.304361+00:00
dd9030b18b674315,Isabella,Martinez,https://example.com/profile/437462487b7a450d.jpg,+66770233044,FEMALE,2025-08-27T08:16:26.304361+00:00,2025-08-27T08:16:26.304361+00:00
e39af51ca0d94143,Emily,Lopez,https://example.com/profile/584f016b39af4949.jpg,+66283056996,MALE,2025-08-27T08:16:26.304361+00:00,2025-08-27T08:16:26.304361+00:00
2516359dc709425e,John,Jones,https://example.com/profile/215bac631f0844ec.jpg,+66747008627,MALE,2025-08-27T08:16:26.304361+00:00,2025-08-27T08:16:26.304361+00:00
e43eabdd214f484b,David,Wilson,https://example.com/profile/ace2fe127de04d21.jpg,+66996688101,FEMALE,2025-08-27T08:16:26.304361+00:00,2025-08-27T08:16:26.304361+00:00
f38a1567a2bd4b38,Isabella,Hernandez,https://example.com/profile/3984fbbd5f6d41d6.jpg,+66549298791,MALE,2025-08-27T08:16:26.304361+00:00,2025-08-27T08:16:26.304361+00:00
31ef2a773247490c,Michael,Williams,https://example.com/profile/828378b34a0645ac.jpg,+66147904337,LGBTQ_PLUS,2025-08-27T08:16:26.304361+00:00,2025-08-27T08:16:26.304361+00:00
b92ad9b37a964e14,Isabella,Brown,https://example.com/profile/9f24b23417d545c5.jpg,+66193185591,MALE,2025-08-27T08:16:26.304361+00:00,2025-08-27T08:16:26.304361+00:00
43def340e2544c10,Sarah,Garcia,https://example.com/profile/051d132ed1a34395.jpg,+66299897727,FEMALE,2025-08-27T08:16:26.304361+00:00,2025-08-27T08:16:26.304361+00:00
5d2249e62ceb4472,Emma,Smith,https://example.com/profile/6eb94fc67ad04cda.jpg,+66324821544,FEMALE,2025-08-27T08:16:26.304361+00:00,2025-08-27T08:16:26.304361+00:00
c5ce9040718141b1,John,Davis,https://example.com/profile/564ca8caad9e4570.jpg,+66774702615,FEMALE,2025-08-27T08:16:26.304361+00:00,2025-08-27T08:16:26.304361+00:00
fd8932ecdf144376,John,Brown,https://example.com/profile/a09504cbd6fd4e2d.jpg,+66698783931,FEMALE,2025-08-27T08:16:26.304361+00:00,2025-08-27T08:16:26.304361+00:00
c809f97a84e94bb9,Olivia,Rodriguez,https://example.com/profile/fca94d1e0ed1404f.jpg,+66462792320,MALE,2025-08-27T08:16:26.304361+00:00,2025-08-27T08:16:26.304361+00:00
41bb890af4ed41c8,Emma,Martinez,https://example.com/profile/30512beceea8496e.jpg,+66508421081,MALE,2025-08-27T08:16:26.304361+00:00,2025-08-27T08:16:26.304361+00:00
01495b210d874dea,John,Smith,https://example.com/profile/11d098e36ba34f0e.jpg,+66459254928,MALE,2025-08-27T08:16:26.304361+00:00,2025-08-27T08:16:26.304361+00:00
fa2e94110c694a3b,Isabella,Hernandez,https://example.com/profile/cad82bff73974f2d.jpg,+66702995740,FEMALE,2025-08-27T08:16:26.304361+00:00,2025-08-27T08:16:26.304361+00:00
41bc748f724843e2,John,Gonzalez,https://example.com/profile/3b1e5a3f8ad44b6d.jpg,+66696718666,MALE,2025-08-27T08:16:26.304361+00:00,2025-08-27T08:16:26.304361+00:00
14854384e432462b,John,Jones,https://example.com/profile/2f5bcce6c9b94581.jpg,+66881984055,UNDEFINED,2025-08-27T08:16:26.304361+00:00,2025-08-27T08:16:26.304361+00:00
3f66500add3f4c33,Emily,Smith,https://example.com/profile/fb34a41fe6004bfc.jpg,+66890021155,MALE,2025-08-27T08:16:26.304361+00:00,2025-08-27T08:16:26.304361+00:00
af353f8f87d24e82,Sophia,Johnson,https://example.com/profile/c4e1d122ac50460d.jpg,+66843016781,UNDEFINED,2025-08-27T08:16:26.304361+00:00,2025-08-27T08:16:26.304361+00:00
ce7ec2edc7834207,David,Hernandez,https://example.com/profile/abe5cfe68bc64ab4.jpg,+66913930270,UNDEFINED,2025-08-27T08:16:26.304361+00:00,2025-08-27T08:16:26.304361+00:00
f25b34cdaef8471f,Bob,Jones,https://example.com/profile/5f94193037a94c72.jpg,+66600885970,FEMALE,2025-08-27T08:16:26.304361+00:00,2025-08-27T08:16:26.304361+00:00
e90eddb8d8ee4a06,Emma,Gonzalez,https://example.com/profile/cd7b276cdb0b4a9f.jpg,+66633814147,UNDEFINED,2025-08-27T08:16:26.304361+00:00,2025-08-27T08:16:26.304361+00:00
73fff42d57a348ba,William,Smith,https://example.com/profile/31978e3356524daf.jpg,+66292475646,UNDEFINED,2025-08-27T08:16:26.304361+00:00,2025-08-27T08:16:26.304361+00:00
30bcdee3b93d43c4,Emma,Jones,https://example.com/profile/4ae0ca25bae04014.jpg,+66780261168,LGBTQ_PLUS,2025-08-27T08:16:26.304361+00:00,2025-08-27T08:16:26.304361+00:00
1d4964d3e38443c2,Sophia,Hernandez,https://example.com/profile/f8e8e0990de94944.jpg,+66267517524,FEMALE,2025-08-27T08:16:26.304361+00:00,2025-08-27T08:16:26.304361+00:00
22bcbe3adfac41d9,Isabella,Gonzalez,https://example.com/profile/2d4f76e6810f4376.jpg,+66295099169,MALE,2025-08-27T08:16:26.304361+00:00,2025-08-27T08:16:26.304361+00:00
464d6087caf2408e,Emma,Jones,https://example.com/profile/7bf4ea3460be4917.jpg,+66605748698,MALE,2025-08-27T08:16:26.304361+00:00,2025-08-27T08:16:26.304361+00:00
889be4dff4c44d93,Sarah,Brown,https://example.com/profile/cf0d073b52fb4505.jpg,+66430977669,MALE,2025-08-27T08:16:26.304361+00:00,2025-08-27T08:16:26.304361+00:00
151cd8e65c6d40b9,Sophia,Jones,https://example.com/profile/b8056929fe744f38.jpg,+66777739928,MALE,2025-08-27T08:16:26.304361+00:00,2025-08-27T08:16:26.304361+00:00
36b2539caacb4198,Jane,Wilson,https://example.com/profile/01f74c3a1c8d461f.jpg,+66598720402,LGBTQ_PLUS,2025-08-27T08:16:26.304361+00:00,2025-08-27T08:16:26.304361+00:00
5cee274a1efc4248,Isabella,Smith,https://example.com/profile/f07630e758ef45cd.jpg,+66565078953,UNDEFINED,2025-08-27T08:16:26.304361+00:00,2025-08-27T08:16:26.304361+00:00
d7e543af4564498f,Jane,Garcia,https://example.com/profile/0c4d5a6582404612.jpg,+66348241663,UNDEFINED,2025-08-27T08:16:26.304361+00:00,2025-08-27T08:16:26.304361+00:00
4ebfab023325447e,Michael,Jones,https://example.com/profile/c04bf410f40546ae.jpg,+66277463668,MALE,2025-08-27T08:16:26.304361+00:00,2025-08-27T08:16:26.304361+00:00
daed975f53eb41a4,Alice,Martinez,https://example.com/profile/114a255a73e34fb3.jpg,+66601272211,UNDEFINED,2025-08-27T08:16:26.304361+00:00,2025-08-27T08:16:26.304361+00:00
48f0695f6318444c,John,Hernandez,https://example.com/profile/5d6c68dfad1b4046.jpg,+66990666109,LGBTQ_PLUS,2025-08-27T08:16:26.304361+00:00,2025-08-27T08:16:26.304361+00:00
876689d66f404bfb,Alice,Smith,https://example.com/profile/0698b0f8ec384ea7.jpg,+66347070549,UNDEFINED,2025-08-27T08:16:26.304361+00:00,2025-08-27T08:16:26.304361+00:00
addde40081b047ed,Emily,Smith,https://example.com/profile/6520238982b84237.jpg,+66317763748,LGBTQ_PLUS,2025-08-27T08:16:26.304361+00:00,2025-08-27T08:16:26.304361+00:00
79527ea92ee048ec,David,Johnson,https://example.com/profile/63385a4bd95046ae.jpg,+66492604967,UNDEFINED,2025-08-27T08:16:26.304361+00:00,2025-08-27T08:16:26.304361+00:00
91006b1d781f4190,James,Wilson,https://example.com/profile/941caa80d3f247f1.jpg,+66795254222,UNDEFINED,2025-08-27T08:16:26.304361+00:00,2025-08-27T08:16:26.304361+00:00
4f955ba0008a48f5,David,Brown,https://example.com/profile/923adc0c63f04818.jpg,+66587875332,FEMALE,2025-08-27T08:16:26.304361+00:00,2025-08-27T08:16:26.304361+00:00
39407e738bb14258,Sophia,Lopez,https://example.com/profile/3cd8809dc89d4e56.jpg,+66946570050,MALE,2025-08-27T08:16:26.304361+00:00,2025-08-27T08:16:26.304361+00:00
8d7d4fe94ccf4178,Olivia,Gonzalez,https://example.com/profile/c46d89e709d34351.jpg,+66138100857,LGBTQ_PLUS,2025-08-27T08:16:26.304361+00:00,2025-08-27T08:16:26.304361+00:00
c6c031608f68442d,Michael,Rodriguez,https://example.com/profile/1fdb1f7315a24631.jpg,+66289736334,LGBTQ_PLUS,2025-08-27T08:16:26.304361+00:00,2025-08-27T08:16:26.304361+00:00
eb5f791b05314afa,Charlie,Garcia,https://example.com/profile/849665522dd74b58.jpg,+66305450860,LGBTQ_PLUS,2025-08-27T08:16:26.304361+00:00,2025-08-27T08:16:26.304361+00:00
c6806901ccb84dce,Jane,Rodriguez,https://example.com/profile/3ec90863412042c8.jpg,+66155191582,FEMALE,2025-08-27T08:16:26.304361+00:00,2025-08-27T08:16:26.304361+00:00
b761da2632b149c8,Bob,Miller,https://example.com/profile/9ba05e751ca940ed.jpg,+66808671259,MALE,2025-08-27T08:16:26.304361+00:00,2025-08-27T08:16:26.304361+00:00
928da943270949c8,Isabella,Gonzalez,https://example.com/profile/946198d89a71426f.jpg,+66300129926,LGBTQ_PLUS,2025-08-27T08:16:26.304361+00:00,2025-08-27T08:16:26.304361+00:00
9656d0a004aa45be,Olivia,Jones,https://example.com/profile/c2aa167c62fd4633.jpg,+66555516502,FEMALE,2025-08-27T08:16:26.304361+00:00,2025-08-27T08:16:26.304361+00:00
f7046fe0c33b4434,Daniel,Hernandez,https://example.com/profile/40599c0a08e34f7f.jpg,+66839781283,UNDEFINED,2025-08-27T08:16:26.304361+00:00,2025-08-27T08:16:26.304361+00:00
4feb6567ab8a4d6a,William,Miller,https://example.com/profile/1c5ac2a66a774091.jpg,+66572855652,LGBTQ_PLUS,2025-08-27T08:16:26.304361+00:00,2025-08-27T08:16:26.304361+00:00
606c61d9d0644842,Emily,Williams,https://example.com/profile/9e129123f81c449d.jpg,+66914747229,UNDEFINED,2025-08-27T08:16:26.304361+00:00,2025-08-27T08:16:26.304361+00:00
de7c5bf2898e4d4c,Isabella,Lopez,https://example.com/profile/f2102fc622a94f19.jpg,+66719723353,UNDEFINED,2025-08-27T08:16:26.304361+00:00,2025-08-27T08:16:26.304361+00:00
14fa33badb964828,Olivia,Martinez,https://example.com/profile/01787ff59b4546d4.jpg,+66489985908,FEMALE,2025-08-27T08:16:26.304361+00:00,2025-08-27T08:16:26.304361+00:00
e69baeb4600945cf,James,Wilson,https://example.com/profile/2de35c401cd34dd3.jpg,+66319755594,FEMALE,2025-08-27T08:16:26.304361+00:00,2025-08-27T08:16:26.304361+00:00
cd3e1e4965c847b1,Sophia,Garcia,https://example.com/profile/4a4f8f6e96f141b3.jpg,+66748273187,FEMALE,2025-08-27T08:16:26.304361+00:00,2025-08-27T08:16:26.304361+00:00
ba7054cfe50e46f9,Charlie,Williams,https://example.com/profile/ad96a8e4b9184ff0.jpg,+66290455411,FEMALE,2025-08-27T08:16:26.304361+00:00,2025-08-27T08:16:26.304361+00:00
1cc42e03634f4cf5,James,Miller,https://example.com/profile/3a6e356258ff4e74.jpg,+66847385602,FEMALE,2025-08-27T08:16:26.304361+00:00,2025-08-27T08:16:26.304361+00:00
18a9826b237143ce,David,Williams,https://example.com/profile/b1713a152b824e16.jpg,+66515693821,UNDEFINED,2025-08-27T08:16:26.304361+00:00,2025-08-27T08:16:26.304361+00:00
a577f2c885494500,James,Brown,https://example.com/profile/1f152822062849e8.jpg,+66190527298,LGBTQ_PLUS,2025-08-27T08:16:26.304361+00:00,2025-08-27T08:16:26.304361+00:00
c0380c2d2d6749d2,Charlie,Miller,https://example.com/profile/d2e9e4ff00d4479e.jpg,+66170924364,MALE,2025-08-27T08:16:26.304361+00:00,2025-08-27T08:16:26.304361+00:00
3c58ed63404946e3,William,Williams,https://example.com/profile/718b38de4e2e46b7.jpg,+66805592342,FEMALE,2025-08-27T08:16:26.304361+00:00,2025-08-27T08:16:26.304361+00:00
697283cb5d3f4eb1,Daniel,Brown,https://example.com/profile/87f735b03af145c1.jpg,+66111645065,LGBTQ_PLUS,2025-08-27T08:16:26.304361+00:00,2025-08-27T08:16:26.304361+00:00
0467cee7a33841d6,Isabella,Garcia,https://example.com/profile/3b499b1132014c0a.jpg,+66145590349,LGBTQ_PLUS,2025-08-27T08:16:26.304361+00:00,2025-08-27T08:16:26.304361+00:00
247b2b9e902d4712,Michael,Garcia,https://example.com/profile/f3069665206e41c8.jpg,+66251360569,LGBTQ_PLUS,2025-08-27T08:16:26.304361+00:00,2025-08-27T08:16:26.304361+00:00
0c73c0c3b78f4299,Emma,Hernandez,https://example.com/profile/d89bc70270f5420c.jpg,+66516644351,FEMALE,2025-08-27T08:16:26.304361+00:00,2025-08-27T08:16:26.304361+00:00
56eb7d8c20ac4010,Jane,Wilson,https://example.com/profile/1f982cb17f674dad.jpg,+66211958868,LGBTQ_PLUS,2025-08-27T08:16:26.304361+00:00,2025-08-27T08:16:26.304361+00:00
861e64d584b54b69,Michael,Smith,https://example.com/profile/3cc2b6b92d144c81.jpg,+66762744529,FEMALE,2025-08-27T08:16:26.304361+00:00,2025-08-27T08:16:26.304361+00:00
eb8f41e57abf4b04,John,Miller,https://example.com/profile/9b795338dd224585.jpg,+66248691848,UNDEFINED,2025-08-27T08:16:26.304361+00:00,2025-08-27T08:16:26.304361+00:00
cc0e43d9a2b446b8,Isabella,Hernandez,https://example.com/profile/474dd789d5c042f4.jpg,+66930585028,LGBTQ_PLUS,2025-08-27T08:16:26.304361+00:00,2025-08-27T08:16:26.304361+00:00
97b8d88a1ea54541,Alice,Miller,https://example.com/profile/17d67cf04cc54158.jpg,+66693939091,FEMALE,2025-08-27T08:16:26.304361+00:00,2025-08-27T08:16:26.304361+00:00
c80bc4d137eb4030,James,Wilson,https://example.com/profile/f75b642ebf64469e.jpg,+66347834077,FEMALE,2025-08-27T08:16:26.304361+00:00,2025-08-27T08:16:26.304361+00:00
4102332ebd0542d9,Charlie,Rodriguez,https://example.com/profile/806503c21f564dc3.jpg,+66856857184,LGBTQ_PLUS,2025-08-27T08:16:26.304361+00:00,2025-08-27T08:16:26.304361+00:00
907347f96a4f427b,John,Martinez,https://example.com/profile/9b19ea63ae824eba.jpg,+66654154261,MALE,2025-08-27T08:16:26.304361+00:00,2025-08-27T08:16:26.304361+00:00
a644bf515db0468a,Charlie,Davis,https://example.com/profile/06e0725388c64d0b.jpg,+66608139539,UNDEFINED,2025-08-27T08:16:26.304361+00:00,2025-08-27T08:16:26.304361+00:00
b2723abf88f748c8,Sarah,Rodriguez,https://example.com/profile/923065b04c5a402d.jpg,+66203045997,UNDEFINED,2025-08-27T08:16:26.304361+00:00,2025-08-27T08:16:26.304361+00:00
7474691404374b7b,Sophia,Williams,https://example.com/profile/f1c39f205849417e.jpg,+66911576444,UNDEFINED,2025-08-27T08:16:26.304361+00:00,2025-08-27T08:16:26.304361+00:00
30ebca227ee44703,William,Johnson,https://example.com/profile/6bf09154aefc47e0.jpg,+66666698988,MALE,2025-08-27T08:16:26.304361+00:00,2025-08-27T08:16:26.304361+00:00
ddcff579a97a4ed0,Sarah,Rodriguez,https://example.com/profile/e9756e25bdcb48a8.jpg,+66186619285,LGBTQ_PLUS,2025-08-27T08:16:26.304361+00:00,2025-08-27T08:16:26.304361+00:00
e7a3c513d08c474e,Emily,Brown,https://example.com/profile/dca37d63b9f6446d.jpg,+66834408265,LGBTQ_PLUS,2025-08-27T08:16:26.304361+00:00,2025-08-27T08:16:26.304361+00:00
cb4c204a1d394c90,John,Garcia,https://example.com/profile/0ce17150a2f8490f.jpg,+66183631898,FEMALE,2025-08-27T08:16:26.304361+00:00,2025-08-27T08:16:26.304361+00:00
58a181d1e8a643b2,Jane,Miller,https://example.com/profile/c9fc763fdb574d29.jpg,+66998033882,LGBTQ_PLUS,2025-08-27T08:16:26.304361+00:00,2025-08-27T08:16:26.304361+00:00
9b3a44271d964480,Michael,Miller,https://example.com/profile/57405292d1204a57.jpg,+66665377815,LGBTQ_PLUS,2025-08-27T08:16:26.304361+00:00,2025-08-27T08:16:26.304361+00:00
d3426c9d6f74493d,Olivia,Lopez,https://example.com/profile/f321333413d8457e.jpg,+66439649413,FEMALE,2025-08-27T08:16:26.304361+00:00,2025-08-27T08:16:26.304361+00:00
b2b379e44de84146,Emily,Jones,https://example.com/profile/2823a131c3e94612.jpg,+66567046452,UNDEFINED,2025-08-27T08:16:26.304361+00:00,2025-08-27T08:16:26.304361+00:00
bdf68da9c2014d54,David,Martinez,https://example.com/profile/4a9328b6d4774a65.jpg,+66479932470,FEMALE,2025-08-27T08:16:26.304361+00:00,2025-08-27T08:16:26.304361+00:00
0833e836d3564183,Jane,Johnson,https://example.com/profile/9fb5612922bb479d.jpg,+66449284395,MALE,2025-08-27T08:16:26.304361+00:00,2025-08-27T08:16:26.304361+00:00
f8cc2c7097944ad7,James,Hernandez,https://example.com/profile/a3e27ff036634df4.jpg,+66345916565,UNDEFINED,2025-08-27T08:16:26.304361+00:00,2025-08-27T08:16:26.304361+00:00
676e24f14d654dd0,Daniel,Williams,https://example.com/profile/05c87304c85f4540.jpg,+66907455526,UNDEFINED,2025-08-27T08:16:26.304361+00:00,2025-08-27T08:16:26.304361+00:00
9c91ded1aa214c3e,David,Johnson,https://example.com/profile/dce9c77b304549f1.jpg,+66181763137,UNDEFINED,2025-08-27T08:16:26.304361+00:00,2025-08-27T08:16:26.304361+00:00
f0d12c47061646c0,William,Miller,https://example.com/profile/fe4bd0295db74fff.jpg,+66601030737,MALE,2025-08-27T08:16:26.304361+00:00,2025-08-27T08:16:26.304361+00:00
7741c25763e24828,John,Williams,https://example.com/profile/a10a946485644daa.jpg,+66637083918,UNDEFINED,2025-08-27T08:16:26.304361+00:00,2025-08-27T08:16:26.304361+00:00
551fc4bcfaab4900,John,Martinez,https://example.com/profile/057cb1ceb5984e85.jpg,+66576550135,UNDEFINED,2025-08-27T08:16:26.304361+00:00,2025-08-27T08:16:26.304361+00:00
eff6f0bf0eec4916,Sophia,Wilson,https://example.com/profile/248aa3ebae71480c.jpg,+66847004796,UNDEFINED,2025-08-27T08:16:26.304361+00:00,2025-08-27T08:16:26.304361+00:00
d1f959dec45d4045,Olivia,Martinez,https://example.com/profile/0328468b1e0f42cb.jpg,+66544671646,UNDEFINED,2025-08-27T08:16:26.304361+00:00,2025-08-27T08:16:26.304361+00:00
8ca808b134374cbb,Isabella,Davis,https://example.com/profile/d35814bae9c84fed.jpg,+66198787872,UNDEFINED,2025-08-27T08:16:26.304361+00:00,2025-08-27T08:16:26.304361+00:00
657487144d024476,Jane,Johnson,https://example.com/profile/e833433382ab4f26.jpg,+66783746176,FEMALE,2025-08-27T08:16:26.304361+00:00,2025-08-27T08:16:26.304361+00:00
1a9a5af31ba747b0,Isabella,Hernandez,https://example.com/profile/7c65dd73422f4197.jpg,+66375795077,LGBTQ_PLUS,2025-08-27T08:16:26.304361+00:00,2025-08-27T08:16:26.304361+00:00
d79a9f64c5b14aba,Michael,Rodriguez,https://example.com/profile/46955c7a14824b90.jpg,+66512137685,FEMALE,2025-08-27T08:16:26.304361+00:00,2025-08-27T08:16:26.304361+00:00
b424664206714aee,Michael,Johnson,https://example.com/profile/6bff7e9bc3e94348.jpg,+66623650460,LGBTQ_PLUS,2025-08-27T08:16:26.304361+00:00,2025-08-27T08:16:26.304361+00:00
f1d632ce93104ba1,James,Garcia,https://example.com/profile/721470305ce8461a.jpg,+66460312371,UNDEFINED,2025-08-27T08:16:26.304361+00:00,2025-08-27T08:16:26.304361+00:00
347740f29b7a423d,Charlie,Jones,https://example.com/profile/9c6b122ec44543a8.jpg,+66206131496,UNDEFINED,2025-08-27T08:16:26.304361+00:00,2025-08-27T08:16:26.304361+00:00
ad6a657187e04fd3,Sophia,Miller,https://example.com/profile/b887c61518cb4d99.jpg,+66600077960,UNDEFINED,2025-08-27T08:16:26.304361+00:00,2025-08-27T08:16:26.304361+00:00
284ff3cc24694b3f,Daniel,Jones,https://example.com/profile/c4c499f884c44666.jpg,+66632768599,FEMALE,2025-08-27T08:16:26.304361+00:00,2025-08-27T08:16:26.304361+00:00
45d9c726f330458c,Charlie,Smith,https://example.com/profile/6a0c2b7869564e6e.jpg,+66463460479,UNDEFINED,2025-08-27T08:16:26.304361+00:00,2025-08-27T08:16:26.304361+00:00
bb2e042ffdb9404c,Isabella,Gonzalez,https://example.com/profile/041f817ea3264bf4.jpg,+66614521659,MALE,2025-08-27T08:16:26.304361+00:00,2025-08-27T08:16:26.304361+00:00
ebda48cef6d941b6,Bob,Williams,https://example.com/profile/3db2c0d1d4334f4f.jpg,+66618009124,LGBTQ_PLUS,2025-08-27T08:16:26.304361+00:00,2025-08-27T08:16:26.304361+00:00
b5a2d30dcffb4437,Charlie,Jones,https://example.com/profile/a0ef2c504de74965.jpg,+66494044737,MALE,2025-08-27T08:16:26.304361+00:00,2025-08-27T08:16:26.304361+00:00
1b94ed812bca4d45,John,Smith,https://example.com/profile/aff1ced3e4034bfe.jpg,+66181482005,MALE,2025-08-27T08:16:26.304361+00:00,2025-08-27T08:16:26.304361+00:00
b923c51199d440c3,Emily,Jones,https://example.com/profile/1d373bf5dee14acf.jpg,+66376766022,FEMALE,2025-08-27T08:16:26.304361+00:00,2025-08-27T08:16:26.304361+00:00
5f11270381dc432f,Emily,Gonzalez,https://example.com/profile/cb5fbb03e5c8433a.jpg,+66789450488,FEMALE,2025-08-27T08:16:26.304361+00:00,2025-08-27T08:16:26.304361+00:00
8a06a181a9054f40,David,Lopez,https://example.com/profile/0459416fe0e34582.jpg,+66892335818,FEMALE,2025-08-27T08:16:26.304361+00:00,2025-08-27T08:16:26.304361+00:00
6d672ee1e7fe4517,Alice,Johnson,https://example.com/profile/60fef89275b74a54.jpg,+66309597620,MALE,2025-08-27T08:16:26.304361+00:00,2025-08-27T08:16:26.304361+00:00
574f909d58124ba5,John,Gonzalez,https://example.com/profile/73cac7dd48d94c8c.jpg,+66673013933,LGBTQ_PLUS,2025-08-27T08:16:26.304361+00:00,2025-08-27T08:16:26.304361+00:00
c403e5a8542e4dd3,John,Miller,https://example.com/profile/f4c4b69bc3634d8b.jpg,+66907415340,UNDEFINED,2025-08-27T08:16:26.304361+00:00,2025-08-27T08:16:26.304361+00:00
3ce5761c917f40a7,Bob,Brown,https://example.com/profile/0de4ad19f7784e7c.jpg,+66257154713,FEMALE,2025-08-27T08:16:26.304361+00:00,2025-08-27T08:16:26.304361+00:00
01f138b56e174815,Emily,Johnson,https://example.com/profile/91b22c4d3eff4b0e.jpg,+66396355529,MALE,2025-08-27T08:16:26.304361+00:00,2025-08-27T08:16:26.304361+00:00
e8fb56640b874d0b,Emily,Smith,https://example.com/profile/ff747b98323c4847.jpg,+66386102160,FEMALE,2025-08-27T08:16:26.304361+00:00,2025-08-27T08:16:26.304361+00:00
23146f44cf384bcd,Isabella,Jones,https://example.com/profile/12a8d44f792a40db.jpg,+66110657758,FEMALE,2025-08-27T08:16:26.304361+00:00,2025-08-27T08:16:26.304361+00:00
21eef9176b5c4cd1,William,Garcia,https://example.com/profile/e3e23b2203544880.jpg,+66193119248,UNDEFINED,2025-08-27T08:16:26.304361+00:00,2025-08-27T08:16:26.304361+00:00
3c52c249b2114301,Alice,Brown,https://example.com/profile/e82f4766e17440e5.jpg,+66796800545,FEMALE,2025-08-27T08:16:26.304361+00:00,2025-08-27T08:16:26.304361+00:00
6542d078a17e4a6a,Bob,Johnson,https://example.com/profile/220b951be13a4541.jpg,+66578993447,FEMALE,2025-08-27T08:16:26.304361+00:00,2025-08-27T08:16:26.304361+00:00
4a553ca18a2c4fd4,John,Smith,https://example.com/profile/e41dea5ecdb149a0.jpg,+66132751335,MALE,2025-08-27T08:16:26.304361+00:00,2025-08-27T08:16:26.304361+00:00
c246deeffa844fcf,John,Hernandez,https://example.com/profile/ac4a903f23be434c.jpg,+66788897657,MALE,2025-08-27T08:16:26.304361+00:00,2025-08-27T08:16:26.304361+00:00
41fec412e7a94c84,Emily,Jones,https://example.com/profile/15171138d1a442c8.jpg,+66848987180,LGBTQ_PLUS,2025-08-27T08:16:26.304361+00:00,2025-08-27T08:16:26.304361+00:00
