id,email,username,passwordHash,role,createdAt,updatedAt
9321b28d-ded1-44,tony88@example.net,jenkinsjanet,583c2660412a99fa53c4dde5cb62aeb2c732d561fc6e82f533c888c1a521bf0f,customer,2025-08-23T15:31:25.512469+00:00,2025-08-23T15:31:25.512469+00:00
d304dcf6-e9f9-40,eileen20@example.net,reneeedwards,e8607f9fa989d1eea28fa18aa1b978e3cf288d17cd1f8376612fa81b68a52723,customer,2025-08-23T15:31:25.512469+00:00,2025-08-23T15:31:25.512469+00:00
8948198b-4bc1-44,courtney13@example.com,danawhite,95081fec18f7d00e019cd12d18a5b75dfb7c1aa1dee1855c638de634bf36baf8,customer,2025-08-23T15:31:25.512469+00:00,2025-08-23T15:31:25.512469+00:00
022e454e-291e-4c,dakota71@example.org,boydmichelle,0f5baf608f23bff4286b2b7fbe0dfbfb5c52fb8e24e54d82a7660c2c0c9416d7,customer,2025-08-23T15:31:25.512469+00:00,2025-08-23T15:31:25.512469+00:00
570da7e3-009c-45,ethan81@example.com,iwright,e9098678f4975dc2f83f098f4d6e9cf43f9235eb2433b05b753d4edea4b87777,customer,2025-08-23T15:31:25.512469+00:00,2025-08-23T15:31:25.512469+00:00
8166738c-bb8f-47,valdezdanny@example.net,jonwilliams,430e1412efd06366443d540f53615385a9e1ed9dc6f29833939525296dba9417,customer,2025-08-23T15:31:25.512469+00:00,2025-08-23T15:31:25.512469+00:00
aaea0da2-a79a-41,ellistravis@example.org,daltonstephanie,0c187186bc70af93a93e6bd358fe7bc9ef350ecfb6c5a21c09f901d9ec7d9537,customer,2025-08-23T15:31:25.512469+00:00,2025-08-23T15:31:25.512469+00:00
2a1aae79-09ba-42,pageeric@example.org,ccarlson,a568acd3e278f657f699cc53905bcf729f8b23fcc76c1c6f9d36c1b4ed5f5d7f,customer,2025-08-23T15:31:25.512469+00:00,2025-08-23T15:31:25.512469+00:00
6c0e0c70-0395-4d,adriangould@example.net,danamorton,b1d116b2b27ae3260fa8e019d5bc0f25583ac7ac6a4d86da98fe3f0459626b31,customer,2025-08-23T15:31:25.512469+00:00,2025-08-23T15:31:25.512469+00:00
ed7a0ae8-e65b-46,leewillie@example.net,annetterichmond,6dbf0398015bc2fdf2ca0c44b1b941bd3adf09c74da24e736dd467f12a7d0271,customer,2025-08-23T15:31:25.512469+00:00,2025-08-23T15:31:25.512469+00:00
9deed97e-df3e-40,brandondrake@example.net,nancy10,8e83f4e5ab792141deb186479712d460acbae039fb5f7f1a7fdfb84ffd79df41,customer,2025-08-23T15:31:25.512469+00:00,2025-08-23T15:31:25.512469+00:00
c4e73f2c-16ec-4c,karen21@example.org,andreajohnson,eab61c93f205870d19b0afce1c0396c52c0c4486dbfb73a3d4e85d4aab6a57bc,customer,2025-08-23T15:31:25.512469+00:00,2025-08-23T15:31:25.512469+00:00
37aa5982-52dc-48,browndebra@example.net,andrew80,245d7f5998d62b91700bfb8e8a3853f1a234d9663bfa22d3906b96d6f38917f7,customer,2025-08-23T15:31:25.512469+00:00,2025-08-23T15:31:25.512469+00:00
aac90c92-7b48-4e,jonesmaria@example.org,warerandy,84b834e056e16d3002179be7dd52e98a2821b30389bc229de07050f62aeaea99,customer,2025-08-23T15:31:25.512469+00:00,2025-08-23T15:31:25.512469+00:00
b37103f9-3aea-40,kristinescott@example.net,schwartzjohn,a1b93fa4aa21eb27108938cbf7cc2deec64e7233e5bb61e6293e33a1b11a24c0,customer,2025-08-23T15:31:25.512469+00:00,2025-08-23T15:31:25.512469+00:00
fd2eb468-be89-4d,rojasmatthew@example.org,haroldgreen,dd936170ae56f84fe9bbbe3b0a5c81c15cd79c96a9a233239433eff1f9f11c97,customer,2025-08-23T15:31:25.512469+00:00,2025-08-23T15:31:25.512469+00:00
cedefd6e-5c1e-4a,ryanmurray@example.com,rrodriguez,dacc58b1bdff9e953500062e7d19e401099555b033ce87654d4156b2564cb5c7,customer,2025-08-23T15:31:25.512469+00:00,2025-08-23T15:31:25.512469+00:00
8638524b-6a6d-47,robert81@example.net,emily06,433ce796ce81400122e7c4be4d01cd7478b05f0bfc4e2989ad84e8d985616dac,customer,2025-08-23T15:31:25.512469+00:00,2025-08-23T15:31:25.512469+00:00
416344dd-cd0c-44,michael15@example.com,leejoseph,115a39fa07053dd8d4b9af9a4f4045868c63a52dba914f268dfbf7d6eb4aed1e,customer,2025-08-23T15:31:25.512469+00:00,2025-08-23T15:31:25.512469+00:00
3cc706b6-9280-43,smithmark@example.net,amandajenkins,c9b1f8618f59c605bf6f8edd62f9ab9d97a838587191eddd60707e234b7179f4,customer,2025-08-23T15:31:25.512469+00:00,2025-08-23T15:31:25.512469+00:00
d1bd8846-d1ad-40,lgood@example.org,mark36,bc523530e39f5781cf99324f913674086ae35eb581f957cb94c92141e431eb67,customer,2025-08-23T15:31:25.512469+00:00,2025-08-23T15:31:25.512469+00:00
2ad7813d-86ae-4d,xcarlson@example.org,opeterson,f54458e311a03fce6886a60686a43a6ff83c9f419ad060f3dde5f135a93454aa,customer,2025-08-23T15:31:25.512469+00:00,2025-08-23T15:31:25.512469+00:00
7718c75b-50fe-42,jayking@example.net,richardjackson,f39d2042f0e0a572936ea007a3df206f9569a7caf711b21bc14a0e594970d1cf,customer,2025-08-23T15:31:25.512469+00:00,2025-08-23T15:31:25.512469+00:00
2c3e9c9f-454b-4d,ctanner@example.net,mcclurealexandra,abc24040ba2476861614f4e73435a1c79d439b7d0623550849e613cbbc3d666f,customer,2025-08-23T15:31:25.512469+00:00,2025-08-23T15:31:25.512469+00:00
620e745a-f33a-47,alyssa70@example.com,coffeymichael,a466ca592697bf520487d121e0efb587fa97007059a92f070fc147e158d02923,customer,2025-08-23T15:31:25.512469+00:00,2025-08-23T15:31:25.512469+00:00
0ffbce62-b4be-4c,fjones@example.net,frodriguez,e371ec5502ebb9919368e52a70ad2a476c167ce8e197e7bf107937b2ba1e7b2d,customer,2025-08-23T15:31:25.512469+00:00,2025-08-23T15:31:25.512469+00:00
a42b48f0-0937-4a,brendamcdaniel@example.net,prestonmatthew,09991c74f661f208ec8c129696c9fd9322c87517905b37e52169dc79474524d5,customer,2025-08-23T15:31:25.512469+00:00,2025-08-23T15:31:25.512469+00:00
7d8ad3ce-c5d9-41,dodsonnicole@example.net,christinawong,2cf17056181dd8a76655ef8d25fc75ac7286bbac25a30fae5e22e3cbfed55d8d,customer,2025-08-23T15:31:25.512469+00:00,2025-08-23T15:31:25.512469+00:00
9158c04c-6e6d-46,noah05@example.net,edwardsalbert,1ac108d05ea2a282c863412f184199330ba94903409116bcb2b79557680eb924,customer,2025-08-23T15:31:25.512469+00:00,2025-08-23T15:31:25.512469+00:00
1844c0cc-1f87-40,katrinarobinson@example.net,kflores,c390f0799e71de3b22dd3c4b21f9d097af6ba3192c0fcb418ca84fb2bc8a7548,customer,2025-08-23T15:31:25.512469+00:00,2025-08-23T15:31:25.512469+00:00
b6c6651f-28cd-42,stacy23@example.net,stevenkhan,c76c3edfcc5bf83a7108b4fb49d261d834bcf38eeeaf7f988d62c12204c24eb8,customer,2025-08-23T15:31:25.512469+00:00,2025-08-23T15:31:25.512469+00:00
5ce8e201-75e5-41,richard73@example.com,julie70,b143f2160c1257a19d92952fbf9fb0de407b9d28de5870f2c12b752c523cc182,customer,2025-08-23T15:31:25.512469+00:00,2025-08-23T15:31:25.512469+00:00
47f08098-e225-40,nlee@example.net,lstevenson,793985fa6088ba2eec4480fc12e63c23f6f199fdb877dabe108d74075916413b,customer,2025-08-23T15:31:25.512469+00:00,2025-08-23T15:31:25.512469+00:00
de26f623-7575-45,jonesvincent@example.com,umitchell,53cee0c66e9979e515eaac40e81bc54b21cc06bae805e1051f45241af9e1b27d,customer,2025-08-23T15:31:25.512469+00:00,2025-08-23T15:31:25.512469+00:00
4823ff3b-0135-4a,anthonyoconnor@example.com,sara97,a96ef01e9dec351a91ec84568c35f8ed4f4e988e47c3fad3c0e50f02fa1f9b56,customer,2025-08-23T15:31:25.512469+00:00,2025-08-23T15:31:25.512469+00:00
ad84da92-9002-4a,amy14@example.org,patrickgavin,f6fb6acc4f8d1c50c80dbc8a5cf2a2bf71f4aaaae7e5542acd7ad0420e11334d,customer,2025-08-23T15:31:25.512469+00:00,2025-08-23T15:31:25.512469+00:00
9e01a8bd-af83-49,gevans@example.net,ronaldcarter,b3fbf57a1aa47bed3a5d0833aeb48f4993574b4b10793f85c30fb1860fc373e1,customer,2025-08-23T15:31:25.512469+00:00,2025-08-23T15:31:25.512469+00:00
bba2ca06-2c81-46,parkeramanda@example.com,dennis23,4160d57f62809b4b22b1f67d28f089e8f5ee37695c03afbec58b1958fde27b68,customer,2025-08-23T15:31:25.512469+00:00,2025-08-23T15:31:25.512469+00:00
82f3e4f5-9461-4c,robert15@example.com,kempcaleb,f5d15b4809ba846046dc83e14602aca3046921d4423761eb0346410d6ca63b79,customer,2025-08-23T15:31:25.512469+00:00,2025-08-23T15:31:25.512469+00:00
b49114a8-7290-4f,peterriley@example.net,victoria75,0934e0140335e23311a9d38a75b833c37f548837fa204a367e776c5888178fb3,customer,2025-08-23T15:31:25.512469+00:00,2025-08-23T15:31:25.512469+00:00
98cb75aa-8273-4f,qlopez@example.org,averysarah,d5899f87d32230894c39e8fc47772c633235b77c4c1f89568f1131cd999b0028,customer,2025-08-23T15:31:25.512469+00:00,2025-08-23T15:31:25.512469+00:00
3ebed5fa-71d1-4e,kbrown@example.org,mannkrystal,b501607fa36cdeafac9ce6fc01044f646e2c10300ad25f53c6f218ad916c3a95,customer,2025-08-23T15:31:25.512469+00:00,2025-08-23T15:31:25.512469+00:00
60bd6363-ad31-4d,michellemartin@example.com,paul65,e9b2266848e2e86fd09abf048ca328253b9153c1c9661df9c923712e643bc28f,customer,2025-08-23T15:31:25.512469+00:00,2025-08-23T15:31:25.512469+00:00
145565ea-42bb-41,kingkelly@example.org,omoran,8ffcaa80370719c79ea9c318973defb6139d60509894b86abd347b5f56f189f9,customer,2025-08-23T15:31:25.512469+00:00,2025-08-23T15:31:25.512469+00:00
892c3e8b-e5d9-4a,kristina62@example.com,williamsjill,1ce00a9968c18ec51b732ba0a6fa1aee3c20b5c853216a10f2c8606eb73b8fa4,customer,2025-08-23T15:31:25.512469+00:00,2025-08-23T15:31:25.512469+00:00
16b5e13e-5b84-42,sfowler@example.net,kristina27,ad0aefe35e5b2d929afe7a3b70580565142d071576faaec249183b02e10cacc2,customer,2025-08-23T15:31:25.512469+00:00,2025-08-23T15:31:25.512469+00:00
4ea6f702-6b3c-40,barajasmason@example.net,jwatson,d33af4bfc69e27ba6e074271bc9ac1fd219e3c8b273e9e7907b1423600e2638f,customer,2025-08-23T15:31:25.512469+00:00,2025-08-23T15:31:25.512469+00:00
d38cec2f-f2a0-43,amyspencer@example.org,samanthayoder,3113dd7c95e37343c5adc9e06d15c4d41dfea4d7fbaac07de8259990938a390f,customer,2025-08-23T15:31:25.512469+00:00,2025-08-23T15:31:25.512469+00:00
3c2db495-8ec4-4d,paul39@example.org,joanflores,1db077285c7fe1332c3ee0088649c2bd57f2e085d3e7b10e867b3f6ab17281b6,customer,2025-08-23T15:31:25.512469+00:00,2025-08-23T15:31:25.512469+00:00
0de3c5e9-fb30-49,amy16@example.com,lgay,33a2e881fafecca2d7c40d970ec4a0035aa97a21e167e5861dd3fc571c9be50e,customer,2025-08-23T15:31:25.512469+00:00,2025-08-23T15:31:25.512469+00:00
40699cfb-94f1-4e,gcox@example.com,sanfordshawn,a780eb8f906ace0c3d15f74f48e6e4b2d409ec61dc5929f5af9f7eb0e9fb9b4c,customer,2025-08-23T15:31:25.512469+00:00,2025-08-23T15:31:25.512469+00:00
8ab138ab-7933-45,julie88@example.com,richardgarcia,c67f0cb906581953a144d3e010ab855ef040769404f201dbf1df4a82edf688ec,customer,2025-08-23T15:31:25.512469+00:00,2025-08-23T15:31:25.512469+00:00
263d7a1f-016d-4f,smithmelanie@example.net,zescobar,a135fbfa2b910359bc3cf2180f0b16fec8e3a35df39b42753e11fc158f4e8278,customer,2025-08-23T15:31:25.512469+00:00,2025-08-23T15:31:25.512469+00:00
f4e4e5a3-f2c0-4f,lreed@example.com,vazquezmelanie,a55e143988de0413ea7f1c672a9752e239da3ae4fed57afe9f0a5fdd69d62024,customer,2025-08-23T15:31:25.512469+00:00,2025-08-23T15:31:25.512469+00:00
88dc14eb-0b83-43,rbaker@example.com,tim48,e904111c4f0ffa3763ca8e73e5baadb6290487a208c7b12eea2e63c006dc6ad5,customer,2025-08-23T15:31:25.512469+00:00,2025-08-23T15:31:25.512469+00:00
dc0c8cf2-1b18-48,melanie29@example.net,hhoffman,68d4e7b7e74baca38beff3e59554b8da6ec8be324c6f098bbf12249c7f42fe66,customer,2025-08-23T15:31:25.512469+00:00,2025-08-23T15:31:25.512469+00:00
39f009b5-f599-47,stacywest@example.com,matthewjensen,8e52c5df48a67e3355475fa92dce071aaa2a822842a9289c493e19066bcbc417,customer,2025-08-23T15:31:25.512469+00:00,2025-08-23T15:31:25.512469+00:00
f59af53c-1af4-46,james04@example.org,christineroth,ddc868dc480e016e9db280ec897f3ab22857b917c6e6f30b2580405610bbc788,customer,2025-08-23T15:31:25.512469+00:00,2025-08-23T15:31:25.512469+00:00
142b2e97-b30e-41,fergusonjustin@example.com,hannahhernandez,dd41c4f6f685d1d7789db4a8516a06ee1abf52c5c1e46c2c1148dd34f8d41536,customer,2025-08-23T15:31:25.512469+00:00,2025-08-23T15:31:25.512469+00:00
3c35618d-8c93-44,evanskatrina@example.org,hollowayjeffrey,5f5df64960115e8e14e26f0c58608295c917399a2e7726f1097f7456ab8eb12a,customer,2025-08-23T15:31:25.512469+00:00,2025-08-23T15:31:25.512469+00:00
9b17c491-b22c-4f,nathan32@example.com,rossjeffrey,b2977a82a729de925b6d78dd788a878edb4874ce8f763b7c98c848d2233bbbce,customer,2025-08-23T15:31:25.512469+00:00,2025-08-23T15:31:25.512469+00:00
4fb1a602-9091-47,elizabethmyers@example.net,jessica57,f9f788280da191583e0fea592ae0a74dd8d0fe889023519b9660f24dcea9e02d,customer,2025-08-23T15:31:25.512469+00:00,2025-08-23T15:31:25.512469+00:00
65254b84-9ddb-4e,waresandra@example.org,cassandraedwards,5b7591f6384c20894dea85571458c67c2c1d7bc5ec7ec4fd8cc42d617b141d94,customer,2025-08-23T15:31:25.512469+00:00,2025-08-23T15:31:25.512469+00:00
85972ff6-4da1-4f,jmichael@example.com,tbrewer,823a4cf6435280187d50c7e03d5b9a787e19de613e373bbc7e2627a74f5306a6,customer,2025-08-23T15:31:25.512469+00:00,2025-08-23T15:31:25.512469+00:00
169f4620-cd83-41,scott77@example.com,walshmichele,e59ec45c223ba618c3d16efe8a35e236fd1affdbdaf791b6775eb8e19b0d2f6b,customer,2025-08-23T15:31:25.512469+00:00,2025-08-23T15:31:25.512469+00:00
c95b609e-3c76-43,hilldavid@example.net,corey18,4c9fae8311ea47890d0d9ddfe860bd5df6dc847490b6308ed67f6aa424c0654e,customer,2025-08-23T15:31:25.512469+00:00,2025-08-23T15:31:25.512469+00:00
acd0fc06-acd4-4f,ian05@example.org,fisherronald,75e69a412dc564cecbbdf2dc5bde22e378b64d424c2b9abbe2441448bc17d211,customer,2025-08-23T15:31:25.512469+00:00,2025-08-23T15:31:25.512469+00:00
9a074aec-ba53-45,cbutler@example.net,colekathy,e1d5c01114912a16f5f92c84e13a3fd9760536940a5a1e042aaa6bc2edcc29f8,customer,2025-08-23T15:31:25.512469+00:00,2025-08-23T15:31:25.512469+00:00
d3dc79a4-d3c6-46,emoore@example.net,robersonkathy,9005fa2dc6d7b557fb3a759871fd658055d3895b40b4ca14dc2b3f6d32c40166,customer,2025-08-23T15:31:25.512469+00:00,2025-08-23T15:31:25.512469+00:00
6c1d33f8-80b4-4d,ian61@example.org,kmiller,9a630d11ab1192cae84c0f8339a463ad51427bcc562791fdba22084867a8a1af,customer,2025-08-23T15:31:25.512469+00:00,2025-08-23T15:31:25.512469+00:00
edefbe4e-b744-4d,williamsscott@example.org,bwhite,5e04ee62dd67722329924abe3c909fd96117a020d64f959e577bf20f74ffc90b,customer,2025-08-23T15:31:25.512469+00:00,2025-08-23T15:31:25.512469+00:00
f3668d1c-eac4-4d,amandahenson@example.net,smithcynthia,fd24c34d314f6e01e9a890ae6b83c98cab2233e4b7397b9b5fe2688f480fb59b,customer,2025-08-23T15:31:25.512469+00:00,2025-08-23T15:31:25.512469+00:00
67af4964-b7be-47,johnsonjared@example.net,kathryn27,5f2cf801243599e34a632eda5885b37a21abb597bba642493386a1b178d460f9,customer,2025-08-23T15:31:25.512469+00:00,2025-08-23T15:31:25.512469+00:00
972ff7ff-0979-4c,volson@example.org,kristiclark,a066d2aa1cb86a25dc785d49cfc420136ec11f5d22f79ce41bb606273265f99c,customer,2025-08-23T15:31:25.512469+00:00,2025-08-23T15:31:25.512469+00:00
91075a35-181d-43,tayloratkinson@example.org,erika37,8400942ad19ccfe2afbdd5071e887d1fa6047f0979b475de32e62abd9038a4e3,customer,2025-08-23T15:31:25.512469+00:00,2025-08-23T15:31:25.512469+00:00
004dfbde-1b54-4f,tim09@example.com,diamondwilson,49a2a86dc35ac586ea87902764a53b4f09aa96ac420583cac61577a8dda2dd78,customer,2025-08-23T15:31:25.512469+00:00,2025-08-23T15:31:25.512469+00:00
8e5f32e2-b064-47,qpayne@example.org,dsingh,d9fc6c38cf44706fcc665c78fbdf69b5580dbd557c62f63221350f10c2f7ea00,customer,2025-08-23T15:31:25.512469+00:00,2025-08-23T15:31:25.512469+00:00
f3a1e03b-2d5f-45,alexa75@example.com,cunninghamheather,14fa8000084e60a044cfec5c73da701a569028d4c89e9cce3c043344d44d719d,customer,2025-08-23T15:31:25.512469+00:00,2025-08-23T15:31:25.512469+00:00
d619993b-feaf-46,molly29@example.com,urodriguez,95364910754afbf71020029b2ac3372a2df49ac1a357c2414c528ee349079040,customer,2025-08-23T15:31:25.512469+00:00,2025-08-23T15:31:25.512469+00:00
9d4d039b-f19f-4f,sanchezjeffrey@example.net,tcombs,cd1c57143ed5f8976073f5b81eca3cec0039cfac43be26894045481a32ccf7f2,customer,2025-08-23T15:31:25.512469+00:00,2025-08-23T15:31:25.512469+00:00
27f51885-7c48-44,alexanderxavier@example.org,heatherevans,7cb8378b8410aaccd5bcb6505651c94c9312ad489c8299729652c01fee81d58e,customer,2025-08-23T15:31:25.512469+00:00,2025-08-23T15:31:25.512469+00:00
7e7e46f3-bbe5-4b,matthewmcguire@example.net,mcculloughseth,84feb19ef12ca8067bdd3a6d6589b856372afcde6713ad766fe6821949264e8d,customer,2025-08-23T15:31:25.512469+00:00,2025-08-23T15:31:25.512469+00:00
63162ab2-044a-43,andersonangela@example.net,rita60,c7faf905f396301aa9d7fa3583b0e48a833024dac270aeee62a108d3dae79667,customer,2025-08-23T15:31:25.512469+00:00,2025-08-23T15:31:25.512469+00:00
f799845e-05b3-4c,crystal02@example.com,campbellmichael,ef72bd2f0ef00d9d0f2eea4716bda420bcd57781c33d1c53e7c544b9bfcdea76,customer,2025-08-23T15:31:25.512469+00:00,2025-08-23T15:31:25.512469+00:00
778020c5-98a8-4d,jonesjennifer@example.com,xjenkins,20c5c45748fcb96fcdd50f0a781bdcff2f8d0705fb12ae5aebbd3117e73824a5,customer,2025-08-23T15:31:25.512469+00:00,2025-08-23T15:31:25.512469+00:00
dc8d576f-727d-47,erikafarmer@example.net,hughesstephanie,c478e0c5e9f96f57328b42519aed631362dcc3c186d67b7ed7f63487f3f0bb8b,customer,2025-08-23T15:31:25.512469+00:00,2025-08-23T15:31:25.512469+00:00
d1eaa856-6729-46,kimberly55@example.org,jlang,cae7e0dc8f3c66b18d85c25d83f09010c7c3048eeaf5b3ba5b66db20459cef84,customer,2025-08-23T15:31:25.512469+00:00,2025-08-23T15:31:25.512469+00:00
c18dc416-748a-43,wendywade@example.com,bobby19,567d2a050b2a680e1a68bdd1a66419d7b4e7d3d172e8c1daf1117b9c66782990,customer,2025-08-23T15:31:25.512469+00:00,2025-08-23T15:31:25.512469+00:00
ce13417c-5591-4b,rose78@example.org,frankhayes,e8e7db44fc08bd30a1afe6242b1c21ace71430b539bfbcdd143db854c34c71bd,customer,2025-08-23T15:31:25.512469+00:00,2025-08-23T15:31:25.512469+00:00
40463147-b0ef-4d,jennifer33@example.org,palmerrachel,b815e4bdc4ac3f90a8809d7df237b2e620addc578dd5f65b439ff03721a05d40,customer,2025-08-23T15:31:25.512469+00:00,2025-08-23T15:31:25.512469+00:00
b9df4325-2122-4a,millerbenjamin@example.com,schultzmatthew,350ea7d55f7c6276665013111a85a8d3593301e19e42feee72f3230e6e5c3ecd,customer,2025-08-23T15:31:25.512469+00:00,2025-08-23T15:31:25.512469+00:00
0f02b400-f022-40,danielle@example.com,conradtravis,8cdc0aa28f6214b234e71863dd1a0ecc3af2b53d10db8b0847a2a285eecbc0e5,customer,2025-08-23T15:31:25.512469+00:00,2025-08-23T15:31:25.512469+00:00
0d67a472-28b5-41,joseph52@example.com,zwilson,25c4d4254688fc04fff296982b92560a50b269a6894df082b9bf6359bf75ce1b,customer,2025-08-23T15:31:25.512469+00:00,2025-08-23T15:31:25.512469+00:00
5b725f81-77c4-4c,yrice@example.net,troykoch,e9f9e643daa9e966fd959fe6a5b996cf34e8c73b7a21f8aa5b1a0d5bf30c2568,customer,2025-08-23T15:31:25.512469+00:00,2025-08-23T15:31:25.512469+00:00
7a71f2e7-fde3-45,aking@example.org,brian78,9afc06b352a077e5eb209ffebef578afbe08c07e08fa4e798320bbcdab60c442,customer,2025-08-23T15:31:25.512469+00:00,2025-08-23T15:31:25.512469+00:00
e101f4ae-560c-41,wattsshawn@example.net,santosgary,be25011972d55c5b0736f66358e39c3943aa44ac1b8a4be9153fa93ab5a08f6b,customer,2025-08-23T15:31:25.512469+00:00,2025-08-23T15:31:25.512469+00:00
19e5d2f4-0679-42,james36@example.org,jeremybrown,2fce34bfd65934016121084a7f1aadfd997f2c12906f675b06210735535ad3f6,customer,2025-08-23T15:31:25.512469+00:00,2025-08-23T15:31:25.512469+00:00
8e9203d4-31ab-47,jwelch@example.org,gwright,e4468fc34a771e07ab858334451298839618bd696a50ff70340cf00af304df48,customer,2025-08-23T15:31:25.512469+00:00,2025-08-23T15:31:25.512469+00:00
4d2b673a-cbae-4f,michelle32@example.org,williamsummers,3622b1fe359144010f0a785e14b3a39de76bf9853c9a05e5080624bd67c68512,customer,2025-08-23T15:31:25.512469+00:00,2025-08-23T15:31:25.512469+00:00
8f5ef0ba-a80f-4f,stephanieroberts@example.org,stevenmcgrath,4b13b2c74dcfdfecbb3a156404017d0a5680b319f37e77802c150ae5d53df41a,customer,2025-08-23T15:31:25.512469+00:00,2025-08-23T15:31:25.512469+00:00
235ecac3-7667-4d,rubencisneros@example.com,samuel56,2e1ecdac4d73a2daf265ab7a0533b74d83de5b9e790431f709c819cdd84a73c4,prophet,2025-08-23T15:31:25.512469+00:00,2025-08-23T15:31:25.512469+00:00
f3aae782-b5cb-47,allisonkirk@example.com,michael54,fd459c02bce3a2f6955fb5b0c73d9465d83576e4e880be373c804d13a1da6b65,prophet,2025-08-23T15:31:25.512469+00:00,2025-08-23T15:31:25.512469+00:00
07ddf100-386b-47,nicole96@example.com,nalvarez,a7dafee22f8301fcc1e43000697185c4602b7477a84a6759dbd41094c18aff0c,prophet,2025-08-23T15:31:25.512469+00:00,2025-08-23T15:31:25.512469+00:00
301c97a3-48cb-48,taylorelizabeth@example.com,kristin46,3afe30f11691611e363465e03448ff12b8926dc590b47fbef19e9681eb033b7a,prophet,2025-08-23T15:31:25.512469+00:00,2025-08-23T15:31:25.512469+00:00
76cd6dc2-83c9-45,christopheranderson@example.com,kellylee,223887b90998563860ce2595453b8aaaec34d7b405be438fa26f1886a510fbb8,prophet,2025-08-23T15:31:25.512469+00:00,2025-08-23T15:31:25.512469+00:00
b892e947-9618-48,nmartinez@example.org,zgibson,6c405aeb3b973818f0d2f93e5272665de56b24a1c6ce39de6f518c6163b71d69,prophet,2025-08-23T15:31:25.512469+00:00,2025-08-23T15:31:25.512469+00:00
6199c2b9-2834-4a,xallison@example.net,robertstewart,b0f2c75ae4c48ccf2646546ae4bd801ca340f7220bd59adb3fb88963ca396f15,prophet,2025-08-23T15:31:25.512469+00:00,2025-08-23T15:31:25.512469+00:00
0cc593b6-049c-42,willisjudith@example.com,melanie98,777fda748c7c06f68973acaed115e033f2771b35a6bee2454f25920c9b2a5a96,prophet,2025-08-23T15:31:25.512469+00:00,2025-08-23T15:31:25.512469+00:00
45a6f137-a028-45,vargasdonald@example.com,zgomez,a5564cad4303128cca4c80e655d6de87e48e237b485037febc2403ec88ae97c9,prophet,2025-08-23T15:31:25.512469+00:00,2025-08-23T15:31:25.512469+00:00
6c927065-bc27-43,dgray@example.org,margaret38,530427fb06cedffdae871e82ad5f270cfd1cd214b08e4ec10d4be25294329b5a,prophet,2025-08-23T15:31:25.512469+00:00,2025-08-23T15:31:25.512469+00:00
acb08e03-1c89-40,joshua92@example.net,montgomerylee,1358d7d58993de9e358e9df6ec817617b391cdb3392fa472d0a2b3d15f8c56a6,prophet,2025-08-23T15:31:25.512469+00:00,2025-08-23T15:31:25.512469+00:00
1f947885-9d32-48,jonathanduke@example.org,barreradavid,aa1987689c0574c3f85c5b82544a07b0a2531add481ffd7a07fe5242f7cc4bdb,prophet,2025-08-23T15:31:25.512469+00:00,2025-08-23T15:31:25.512469+00:00
cb2903f2-8fd6-46,matthewbryan@example.org,danielstiffany,c37bd6c99cf758e913ec6bf6e1091b03607d7771bc01c27a2f624f21dbeee2d0,prophet,2025-08-23T15:31:25.512469+00:00,2025-08-23T15:31:25.512469+00:00
cdafbda0-19da-49,alvaradoeric@example.org,klopez,3aa634da16c6b504d81bf763f67cbf89f3ff0d22dd41af802fb4d5f20b136611,prophet,2025-08-23T15:31:25.512469+00:00,2025-08-23T15:31:25.512469+00:00
64ee5b28-e48d-48,dustinanderson@example.com,adrianawilliams,b547cce44aafcd37faf93e72ef61c1a908cd43fdd146e03630f1ef69570a824f,prophet,2025-08-23T15:31:25.512469+00:00,2025-08-23T15:31:25.512469+00:00
320ba51f-08f2-4b,william24@example.org,brandon56,95a87c4ab2dc6ee7406fdabd842cc71525e7e916651560b34f9d190bf4971dd3,prophet,2025-08-23T15:31:25.512469+00:00,2025-08-23T15:31:25.512469+00:00
b7418a55-7168-4f,qadams@example.com,usmith,03e445da15ede2d6d787b5292133468ceebba85b23f55a893436a832a9299ff1,prophet,2025-08-23T15:31:25.512469+00:00,2025-08-23T15:31:25.512469+00:00
ed99c2bd-5e66-49,alexandria61@example.net,ryankatherine,0f3486da2f42a7da43776501cfdf449bdd37c62345d7b7c4f098a0adb7f15b5c,prophet,2025-08-23T15:31:25.512469+00:00,2025-08-23T15:31:25.512469+00:00
adadf455-e98f-4d,tricia04@example.com,rpierce,aca0e435a8568df7b5a6402750ca781feb0cc67a1f0f0ca15b2cc4693f55cedb,prophet,2025-08-23T15:31:25.512469+00:00,2025-08-23T15:31:25.512469+00:00
9f0a5c6d-1596-41,gina37@example.com,mcdonaldharold,91b71df8c6dff438c0ba8841ac24690fbd78d804bcdfd6f73d47afd14d9bad3c,prophet,2025-08-23T15:31:25.512469+00:00,2025-08-23T15:31:25.512469+00:00
29c293db-3b7b-46,wesley13@example.com,ugarcia,06a1a10ca63dceda96a5872cfa85a59fac03e68ee0ceff842c4f9f6348c186e9,prophet,2025-08-23T15:31:25.512469+00:00,2025-08-23T15:31:25.512469+00:00
1e6539bb-5eb8-47,qhinton@example.org,michaelkaufman,cfa0254f0deef8c97738cd3970e6c6f2089fe98b5e895e95175f0053a3616e1f,prophet,2025-08-23T15:31:25.512469+00:00,2025-08-23T15:31:25.512469+00:00
9447429b-0c3f-4f,andrewscody@example.com,umiller,ac69af3af4b3d0e71452d9b16ce0c94476c8cc5617259bfc7e32c00c52d1d6c2,prophet,2025-08-23T15:31:25.512469+00:00,2025-08-23T15:31:25.512469+00:00
19ab1cad-4f7d-4f,ashley49@example.org,hamiltonjoshua,1dc5a1c97039957844a0762a82a02e585738fbc7fcd5530db405ea808b4e3b27,prophet,2025-08-23T15:31:25.512469+00:00,2025-08-23T15:31:25.512469+00:00
7e2dd4d1-1b5a-4c,ljohnson@example.org,smartinez,55832f328998fc637eba65c87466b19223ad48f3c747bfdf29c74e8307b5bc92,prophet,2025-08-23T15:31:25.512469+00:00,2025-08-23T15:31:25.512469+00:00
8b1c3378-d27a-4f,tamararuiz@example.com,jrichards,e095fcb7781cab00d72ef86b236f3329f058ba9e2affaa61415ff4e69fd3f97a,prophet,2025-08-23T15:31:25.512469+00:00,2025-08-23T15:31:25.512469+00:00
85fb801d-6014-40,orobinson@example.net,zlee,9903e4648288e9a5d9652a970fbec5fb4496e1eab47392228eeb79fdd3bcf75a,prophet,2025-08-23T15:31:25.512469+00:00,2025-08-23T15:31:25.512469+00:00
f4ccd085-aaea-4a,mcintyreregina@example.net,lwatkins,08b1677dcea4206c24c743817355f3e9604e3f8171750a01c6f9a9d3621afc17,prophet,2025-08-23T15:31:25.512469+00:00,2025-08-23T15:31:25.512469+00:00
664ac1ef-e147-41,stefanie85@example.net,josephle,7f2bd65825b7ee479a62219be04b217f9c556dab720d796a064d16b79279c6bf,prophet,2025-08-23T15:31:25.512469+00:00,2025-08-23T15:31:25.512469+00:00
f9982b73-3ba3-4c,lanekenneth@example.net,llucas,611651b0a937ca14f00a1b56e073c752d90680e30402ea07573daf03c7461484,prophet,2025-08-23T15:31:25.512469+00:00,2025-08-23T15:31:25.512469+00:00
eef5a8e6-7f98-42,wangangela@example.net,brianrogers,b0c20e3cfb11a83074c40cb591fbcb3e10cfa32af0b70074494fd25cb0f03bc3,prophet,2025-08-23T15:31:25.512469+00:00,2025-08-23T15:31:25.512469+00:00
d2f7621a-062b-40,patrick12@example.org,phillipsjose,a40b1ca7969051c8b786f388748fdd7f467978ceabffa34f5fa18bb48af6893c,prophet,2025-08-23T15:31:25.512469+00:00,2025-08-23T15:31:25.512469+00:00
08c7187f-027e-47,wgentry@example.net,odommolly,963f120fa6d027ca7a6ea4706c7911c85a47b9a441b3ec826406fc654607bbe8,prophet,2025-08-23T15:31:25.512469+00:00,2025-08-23T15:31:25.512469+00:00
719f8532-aabc-47,nicholas09@example.net,hnixon,db59a9d88c5bed0aa81a1972d7adb21d1f659ffa2b73200413555c6104cef344,prophet,2025-08-23T15:31:25.512469+00:00,2025-08-23T15:31:25.512469+00:00
ee43f081-8826-43,hayeslindsey@example.net,nunezroy,f9c75071be7963ae28fd9f9fefccf1f08f8af29e57dc8d43ec564a4a303c8482,prophet,2025-08-23T15:31:25.512469+00:00,2025-08-23T15:31:25.512469+00:00
501841ef-ba97-47,mconley@example.net,pmacias,97c70ac2863b510743d797656974142936d11e642c707539503f92f9d507ca47,prophet,2025-08-23T15:31:25.512469+00:00,2025-08-23T15:31:25.512469+00:00
56ecc7a6-0b75-44,moniquescott@example.com,dustin83,19ca0e0d9c362ef99506f9d48cbbea31a36329a30cdc266f9b7f6bda2db88761,prophet,2025-08-23T15:31:25.512469+00:00,2025-08-23T15:31:25.512469+00:00
3a671d44-922b-49,xgoodwin@example.org,mgaines,9e84570d435b58ddee60dfc1268c911caf277c5f75c9dde064569b829832830a,prophet,2025-08-23T15:31:25.512469+00:00,2025-08-23T15:31:25.512469+00:00
0a6e2efc-d73f-45,levytammy@example.net,grayerin,d3c0a00525fda9343964172f2fc76e7d2424a5f607f2d02aff9c7833b0ff2596,prophet,2025-08-23T15:31:25.512469+00:00,2025-08-23T15:31:25.512469+00:00
2b3da390-6834-43,dhenderson@example.net,troy,49ac83a964eae523d395670d1480a0a5d3af15e58330a91d2032ee707d5d59d2,prophet,2025-08-23T15:31:25.512469+00:00,2025-08-23T15:31:25.512469+00:00
fadb62ea-554a-4c,warnervincent@example.net,goldentyler,7f333f6c123cc7914b1188f1dcd2e540186fda3c8c9f2f447fd0fb82a4fe72be,prophet,2025-08-23T15:31:25.512469+00:00,2025-08-23T15:31:25.512469+00:00
73badde2-6501-4a,lori44@example.com,yhanna,d89663ae10a06f9d541f3ec209d5c35e4ad515101750039e3e11471ef99526e9,prophet,2025-08-23T15:31:25.512469+00:00,2025-08-23T15:31:25.512469+00:00
1537b953-6c1d-4a,jennifershaw@example.net,crawfordryan,5975a3148e49c7cbc5a38f9776d5319180992c5ebd3327e32d094197de65e180,prophet,2025-08-23T15:31:25.512469+00:00,2025-08-23T15:31:25.512469+00:00
1532d14e-29a3-4e,whitejoseph@example.net,smithwilliam,e5a792e3c30663089d32b3f87ddaee789f6b2044ac98d5eea89e385cf36dc563,prophet,2025-08-23T15:31:25.512469+00:00,2025-08-23T15:31:25.512469+00:00
84e363d3-a4b0-49,qcarter@example.net,kelly18,a63230b4663e5db3941f45eb2b5fd7415fa89c199dbbbf8db746569c6e5a0459,prophet,2025-08-23T15:31:25.512469+00:00,2025-08-23T15:31:25.512469+00:00
00cd3ff2-8677-41,wmoreno@example.net,jessicahanson,0317c981ee6dffe63fb3bc4e8fd660cc5921cc66386dff872557a843c0c3d75a,prophet,2025-08-23T15:31:25.512469+00:00,2025-08-23T15:31:25.512469+00:00
cb6fa230-22eb-44,christinahernandez@example.org,jennifersmith,16706ab8e351691d5dcf25be3027e13f6a78aa8a10f60896cd991a92488de9f6,prophet,2025-08-23T15:31:25.512469+00:00,2025-08-23T15:31:25.512469+00:00
b70634c4-382d-40,awood@example.com,matthew38,a08ff904469ae118f6bdaa699800b15be6f2091bb537761bc0f8fa82070f3495,prophet,2025-08-23T15:31:25.512469+00:00,2025-08-23T15:31:25.512469+00:00
9d47d852-0bc3-4e,nicholsjonathan@example.com,cschwartz,72f926024f4785657ddc9743bb28b045283babce16545b1d997022be73f04189,prophet,2025-08-23T15:31:25.512469+00:00,2025-08-23T15:31:25.512469+00:00
2a340c0c-66e2-48,vbennett@example.com,ustuart,e65aeb45628e9636ec9f4a2e2c2d33fd9a105bf784310208ee0c7127b51d1669,prophet,2025-08-23T15:31:25.512469+00:00,2025-08-23T15:31:25.512469+00:00
f5ef362c-9d94-40,ariasjoseph@example.org,schultzvictor,6a1a9e2be3905b3ba31672304ade72f10a9d81bd8092b21a92afd62be3836073,admin,2025-08-23T15:31:25.512469+00:00,2025-08-23T15:31:25.512469+00:00
9c780e7c-90fc-4f,jamesrosales@example.org,nbass,beb6de60cb6c9dea2425dc25547887ba1b27fb3e13ac7d2fe9b2cb4928e6bb41,admin,2025-08-23T15:31:25.512469+00:00,2025-08-23T15:31:25.512469+00:00
1a4e30cd-5b78-41,deborah76@example.net,julie73,f7cc338dc69a79dccd6132d3136497b7d561d035ea6a26b29fec1800d0f794d3,admin,2025-08-23T15:31:25.512469+00:00,2025-08-23T15:31:25.512469+00:00
31439e6c-93f7-4e,emily42@example.com,christinecruz,9b045c1f75aad2ca0d30e21a21dee3f97a89cda782cb8688f20dad0702b20415,admin,2025-08-23T15:31:25.512469+00:00,2025-08-23T15:31:25.512469+00:00
95c58636-2817-4a,michael24@example.com,brownsean,c51886029f24bcac9358f2f907a0ca5d7a9c615ade0db2e7098c5fa0d91153d9,admin,2025-08-23T15:31:25.512469+00:00,2025-08-23T15:31:25.512469+00:00
d4a9fe79-228f-45,cindywhite@example.com,meyersylvia,00e1dd85669a91d8abace9e26e2d0d139e1da962d0c46ffc235fd4e541401102,admin,2025-08-23T15:31:25.512469+00:00,2025-08-23T15:31:25.512469+00:00
0056821f-fd7e-48,mariostrong@example.net,jonesjonathan,95cd24ee63f2d94b7f4db939a895395377e6522b77946a318284130c38e32bd2,admin,2025-08-23T15:31:25.512469+00:00,2025-08-23T15:31:25.512469+00:00
7b0ecf15-b153-42,bward@example.com,jamestrevino,a571d6c3ba7d5ba5ede130a4a85c4463343ff1f8e65db86e3a59d7f39473a675,admin,2025-08-23T15:31:25.512469+00:00,2025-08-23T15:31:25.512469+00:00
b20a91e5-4157-44,qmaldonado@example.com,deborah62,91413711fd9ebe15cb98ca0701856acca10d28c169450bb93115bda11aaade9f,admin,2025-08-23T15:31:25.512469+00:00,2025-08-23T15:31:25.512469+00:00
4e2456b1-fd7b-47,twade@example.com,william48,eb0edc072961e9e1553d7a214c3071846fe2b0cd484ea1b96895eec9f524e082,admin,2025-08-23T15:31:25.512469+00:00,2025-08-23T15:31:25.512469+00:00
