id,accountId,createdAt,updatedAt
28b2d050-b07b-4b,f5ef362c-9d94-40,2025-08-23T15:31:25.512469+00:00,2025-08-23T15:31:25.512469+00:00
1e826786-53ec-48,9c780e7c-90fc-4f,2025-08-23T15:31:25.512469+00:00,2025-08-23T15:31:25.512469+00:00
03d136d4-1dd6-4c,1a4e30cd-5b78-41,2025-08-23T15:31:25.512469+00:00,2025-08-23T15:31:25.512469+00:00
9ecdc74a-087d-43,31439e6c-93f7-4e,2025-08-23T15:31:25.512469+00:00,2025-08-23T15:31:25.512469+00:00
28b4c419-2910-4b,95c58636-2817-4a,2025-08-23T15:31:25.512469+00:00,2025-08-23T15:31:25.512469+00:00
7a2979de-3f35-4d,d4a9fe79-228f-45,2025-08-23T15:31:25.512469+00:00,2025-08-23T15:31:25.512469+00:00
8e6e0af7-8f92-43,0056821f-fd7e-48,2025-08-23T15:31:25.512469+00:00,2025-08-23T15:31:25.512469+00:00
407511dd-8b79-4d,7b0ecf15-b153-42,2025-08-23T15:31:25.512469+00:00,2025-08-23T15:31:25.512469+00:00
73513ec4-d2b9-46,b20a91e5-4157-44,2025-08-23T15:31:25.512469+00:00,2025-08-23T15:31:25.512469+00:00
36a1e880-3067-4b,4e2456b1-fd7b-47,2025-08-23T15:31:25.512469+00:00,2025-08-23T15:31:25.512469+00:00
