id,accountId,lineId,createdAt,updatedAt
bc32ce7f-0297-4f,235ecac3-7667-4d,deborah81,2025-08-23T15:31:25.512469+00:00,2025-08-23T15:31:25.512469+00:00
bb9c160b-e4ed-40,f3aae782-b5cb-47,pricemichael,2025-08-23T15:31:25.512469+00:00,2025-08-23T15:31:25.512469+00:00
f9e8ef21-c867-48,07ddf100-386b-47,schultzmaxwell,2025-08-23T15:31:25.512469+00:00,2025-08-23T15:31:25.512469+00:00
91a9b07a-2973-40,301c97a3-48cb-48,welchrobert,2025-08-23T15:31:25.512469+00:00,2025-08-23T15:31:25.512469+00:00
e9eeeca9-e844-46,76cd6dc2-83c9-45,danielspatrick,2025-08-23T15:31:25.512469+00:00,2025-08-23T15:31:25.512469+00:00
ac866a0e-568e-43,b892e947-9618-48,joneszachary,2025-08-23T15:31:25.512469+00:00,2025-08-23T15:31:25.512469+00:00
fed38bed-3bbe-49,6199c2b9-2834-4a,travis41,2025-08-23T15:31:25.512469+00:00,2025-08-23T15:31:25.512469+00:00
775eb8e4-827a-40,0cc593b6-049c-42,cindywade,2025-08-23T15:31:25.512469+00:00,2025-08-23T15:31:25.512469+00:00
1b28a219-38a5-46,45a6f137-a028-45,lauriepitts,2025-08-23T15:31:25.512469+00:00,2025-08-23T15:31:25.512469+00:00
d9fe711e-697e-46,6c927065-bc27-43,nwilliams,2025-08-23T15:31:25.512469+00:00,2025-08-23T15:31:25.512469+00:00
fff38902-9fa9-4b,acb08e03-1c89-40,herrerarichard,2025-08-23T15:31:25.512469+00:00,2025-08-23T15:31:25.512469+00:00
6aff9976-c264-49,1f947885-9d32-48,ufisher,2025-08-23T15:31:25.512469+00:00,2025-08-23T15:31:25.512469+00:00
71d784e6-641b-45,cb2903f2-8fd6-46,kristengonzalez,2025-08-23T15:31:25.512469+00:00,2025-08-23T15:31:25.512469+00:00
81d561cb-02e7-43,cdafbda0-19da-49,bakerjonathan,2025-08-23T15:31:25.512469+00:00,2025-08-23T15:31:25.512469+00:00
4669dee8-f466-4a,64ee5b28-e48d-48,gonzaleselizabeth,2025-08-23T15:31:25.512469+00:00,2025-08-23T15:31:25.512469+00:00
c160534f-0c66-40,320ba51f-08f2-4b,cynthia52,2025-08-23T15:31:25.512469+00:00,2025-08-23T15:31:25.512469+00:00
33775066-5b47-42,b7418a55-7168-4f,erik86,2025-08-23T15:31:25.512469+00:00,2025-08-23T15:31:25.512469+00:00
47358a47-fa21-44,ed99c2bd-5e66-49,floreskaren,2025-08-23T15:31:25.512469+00:00,2025-08-23T15:31:25.512469+00:00
8bb398c8-3753-4a,adadf455-e98f-4d,waltersandoval,2025-08-23T15:31:25.512469+00:00,2025-08-23T15:31:25.512469+00:00
8a5f239f-afc5-4f,9f0a5c6d-1596-41,juannash,2025-08-23T15:31:25.512469+00:00,2025-08-23T15:31:25.512469+00:00
0995a57b-c3e8-45,29c293db-3b7b-46,zmoon,2025-08-23T15:31:25.512469+00:00,2025-08-23T15:31:25.512469+00:00
037b6d88-09fc-4e,1e6539bb-5eb8-47,shermanthomas,2025-08-23T15:31:25.512469+00:00,2025-08-23T15:31:25.512469+00:00
a9f32dca-7d9a-47,9447429b-0c3f-4f,abigail67,2025-08-23T15:31:25.512469+00:00,2025-08-23T15:31:25.512469+00:00
63ab9ec4-51b3-46,19ab1cad-4f7d-4f,ktaylor,2025-08-23T15:31:25.512469+00:00,2025-08-23T15:31:25.512469+00:00
1350d4e9-0a09-42,7e2dd4d1-1b5a-4c,rcunningham,2025-08-23T15:31:25.512469+00:00,2025-08-23T15:31:25.512469+00:00
bd3e2e08-52d6-47,8b1c3378-d27a-4f,katherine81,2025-08-23T15:31:25.512469+00:00,2025-08-23T15:31:25.512469+00:00
2d9c4a7d-bc88-4f,85fb801d-6014-40,kristine57,2025-08-23T15:31:25.512469+00:00,2025-08-23T15:31:25.512469+00:00
f274a454-719b-49,f4ccd085-aaea-4a,mcdanielnathan,2025-08-23T15:31:25.512469+00:00,2025-08-23T15:31:25.512469+00:00
b769f53c-797a-43,664ac1ef-e147-41,fjones,2025-08-23T15:31:25.512469+00:00,2025-08-23T15:31:25.512469+00:00
e3d2432d-36f6-4f,f9982b73-3ba3-4c,suzanneanderson,2025-08-23T15:31:25.512469+00:00,2025-08-23T15:31:25.512469+00:00
8f06ddef-e56e-48,eef5a8e6-7f98-42,curtisdouglas,2025-08-23T15:31:25.512469+00:00,2025-08-23T15:31:25.512469+00:00
16d2ccdd-cff6-41,d2f7621a-062b-40,samuelbaker,2025-08-23T15:31:25.512469+00:00,2025-08-23T15:31:25.512469+00:00
7c15ac37-93a4-4b,08c7187f-027e-47,april46,2025-08-23T15:31:25.512469+00:00,2025-08-23T15:31:25.512469+00:00
297b01a8-ae19-49,719f8532-aabc-47,emilycampos,2025-08-23T15:31:25.512469+00:00,2025-08-23T15:31:25.512469+00:00
80f5cc73-3c93-4b,ee43f081-8826-43,sandra46,2025-08-23T15:31:25.512469+00:00,2025-08-23T15:31:25.512469+00:00
1449e60f-4d10-47,501841ef-ba97-47,traci15,2025-08-23T15:31:25.512469+00:00,2025-08-23T15:31:25.512469+00:00
ea48cd5b-5b2a-41,56ecc7a6-0b75-44,richard07,2025-08-23T15:31:25.512469+00:00,2025-08-23T15:31:25.512469+00:00
34cf4095-f3be-4b,3a671d44-922b-49,stephensonadrian,2025-08-23T15:31:25.512469+00:00,2025-08-23T15:31:25.512469+00:00
2b9b99d5-7f11-47,0a6e2efc-d73f-45,leahlawson,2025-08-23T15:31:25.512469+00:00,2025-08-23T15:31:25.512469+00:00
82aa88c0-86cf-47,2b3da390-6834-43,icastro,2025-08-23T15:31:25.512469+00:00,2025-08-23T15:31:25.512469+00:00
1c01e244-8737-4e,fadb62ea-554a-4c,weissbrian,2025-08-23T15:31:25.512469+00:00,2025-08-23T15:31:25.512469+00:00
26a9801c-c39d-40,73badde2-6501-4a,jasonlynn,2025-08-23T15:31:25.512469+00:00,2025-08-23T15:31:25.512469+00:00
dbaf1e9a-b5ad-4a,1537b953-6c1d-4a,samuel17,2025-08-23T15:31:25.512469+00:00,2025-08-23T15:31:25.512469+00:00
eb5e1dc2-8560-45,1532d14e-29a3-4e,nicolasward,2025-08-23T15:31:25.512469+00:00,2025-08-23T15:31:25.512469+00:00
dd84a4bb-b0a6-4d,84e363d3-a4b0-49,lorihayes,2025-08-23T15:31:25.512469+00:00,2025-08-23T15:31:25.512469+00:00
74cf402d-206b-47,00cd3ff2-8677-41,olloyd,2025-08-23T15:31:25.512469+00:00,2025-08-23T15:31:25.512469+00:00
40936c7b-f225-45,cb6fa230-22eb-44,tabithaneal,2025-08-23T15:31:25.512469+00:00,2025-08-23T15:31:25.512469+00:00
e0d40a55-a688-43,b70634c4-382d-40,stonesydney,2025-08-23T15:31:25.512469+00:00,2025-08-23T15:31:25.512469+00:00
2ee8f59b-9ad0-4e,9d47d852-0bc3-4e,bsnyder,2025-08-23T15:31:25.512469+00:00,2025-08-23T15:31:25.512469+00:00
e085c66f-67cf-4b,2a340c0c-66e2-48,xavierjohnson,2025-08-23T15:31:25.512469+00:00,2025-08-23T15:31:25.512469+00:00
