id,accountId,name,lastname,profileUrl,phoneNumber,gender,createdAt,updatedAt
1,9321b28d-ded1-44,Nicole,Henderson,https://placekitten.com/515/282,3099910983,Female,2025-08-23T15:31:25.512469+00:00,2025-08-23T15:31:25.512469+00:00
2,d304dcf6-e9f9-40,Susan,Lopez,https://placekitten.com/114/986,7448817199,Undefined,2025-08-23T15:31:25.512469+00:00,2025-08-23T15:31:25.512469+00:00
3,8948198b-4bc1-44,Jennifer,Santos,https://placekitten.com/543/126,001-604-614-9760,Male,2025-08-23T15:31:25.512469+00:00,2025-08-23T15:31:25.512469+00:00
4,022e454e-291e-4c,Wendy,Greene,https://placekitten.com/247/308,(763)384-2379x905,Male,2025-08-23T15:31:25.512469+00:00,2025-08-23T15:31:25.512469+00:00
5,570da7e3-009c-45,Jerry,Scott,https://placekitten.com/908/212,+1-276-990-0626x5827,Male,2025-08-23T15:31:25.512469+00:00,2025-08-23T15:31:25.512469+00:00
6,8166738c-bb8f-47,Tracy,Parsons,https://dummyimage.com/150x898,+1-497-222-6986x8447,Female,2025-08-23T15:31:25.512469+00:00,2025-08-23T15:31:25.512469+00:00
7,aaea0da2-a79a-41,Angelica,Kim,https://dummyimage.com/606x113,871-618-6946,LGBTQ_Plus,2025-08-23T15:31:25.512469+00:00,2025-08-23T15:31:25.512469+00:00
8,2a1aae79-09ba-42,Stacy,Wise,https://dummyimage.com/574x412,(448)604-2472x809,Undefined,2025-08-23T15:31:25.512469+00:00,2025-08-23T15:31:25.512469+00:00
9,6c0e0c70-0395-4d,Angela,Rowe,https://placekitten.com/1001/638,634.829.2821x4730,Male,2025-08-23T15:31:25.512469+00:00,2025-08-23T15:31:25.512469+00:00
10,ed7a0ae8-e65b-46,Tiffany,Bennett,https://dummyimage.com/594x483,+1-862-649-2386,Female,2025-08-23T15:31:25.512469+00:00,2025-08-23T15:31:25.512469+00:00
11,9deed97e-df3e-40,Sheena,Fisher,https://placekitten.com/865/986,885-676-0525,Female,2025-08-23T15:31:25.512469+00:00,2025-08-23T15:31:25.512469+00:00
12,c4e73f2c-16ec-4c,Todd,Pruitt,https://placekitten.com/761/22,488.685.9406x4350,LGBTQ_Plus,2025-08-23T15:31:25.512469+00:00,2025-08-23T15:31:25.512469+00:00
13,37aa5982-52dc-48,Lisa,Ortiz,https://dummyimage.com/986x967,864.972.7117x388,Female,2025-08-23T15:31:25.512469+00:00,2025-08-23T15:31:25.512469+00:00
14,aac90c92-7b48-4e,Heather,Espinoza,https://picsum.photos/304/240,9867993961,Undefined,2025-08-23T15:31:25.512469+00:00,2025-08-23T15:31:25.512469+00:00
15,b37103f9-3aea-40,David,Mendez,https://dummyimage.com/267x391,885-753-0468x445,Female,2025-08-23T15:31:25.512469+00:00,2025-08-23T15:31:25.512469+00:00
16,fd2eb468-be89-4d,Andrew,Garcia,https://dummyimage.com/820x187,+1-236-965-0404x744,LGBTQ_Plus,2025-08-23T15:31:25.512469+00:00,2025-08-23T15:31:25.512469+00:00
17,cedefd6e-5c1e-4a,Robert,Johnson,https://placekitten.com/562/964,850-796-3826x532,Male,2025-08-23T15:31:25.512469+00:00,2025-08-23T15:31:25.512469+00:00
18,8638524b-6a6d-47,Mindy,Wilson,https://picsum.photos/84/198,(786)791-0198x0673,Female,2025-08-23T15:31:25.512469+00:00,2025-08-23T15:31:25.512469+00:00
19,416344dd-cd0c-44,Michael,Palmer,https://picsum.photos/999/742,+1-615-314-7350x3459,Undefined,2025-08-23T15:31:25.512469+00:00,2025-08-23T15:31:25.512469+00:00
20,3cc706b6-9280-43,Brian,Jones,https://placekitten.com/211/295,937-551-5877x7678,Undefined,2025-08-23T15:31:25.512469+00:00,2025-08-23T15:31:25.512469+00:00
21,d1bd8846-d1ad-40,Anna,Leon,https://placekitten.com/849/42,001-308-691-4456x131,Female,2025-08-23T15:31:25.512469+00:00,2025-08-23T15:31:25.512469+00:00
22,2ad7813d-86ae-4d,Megan,Wood,https://dummyimage.com/801x87,(951)342-2318x982,Male,2025-08-23T15:31:25.512469+00:00,2025-08-23T15:31:25.512469+00:00
23,7718c75b-50fe-42,John,Neal,https://picsum.photos/934/418,(302)400-8609x17159,Male,2025-08-23T15:31:25.512469+00:00,2025-08-23T15:31:25.512469+00:00
24,2c3e9c9f-454b-4d,Amy,Holt,https://dummyimage.com/362x28,605-963-0103x596,Male,2025-08-23T15:31:25.512469+00:00,2025-08-23T15:31:25.512469+00:00
25,620e745a-f33a-47,Samantha,Lee,https://dummyimage.com/581x177,+1-682-844-2080x5557,LGBTQ_Plus,2025-08-23T15:31:25.512469+00:00,2025-08-23T15:31:25.512469+00:00
26,0ffbce62-b4be-4c,Emily,Carter,https://picsum.photos/597/424,695.539.6210x866,Undefined,2025-08-23T15:31:25.512469+00:00,2025-08-23T15:31:25.512469+00:00
27,a42b48f0-0937-4a,Lisa,Contreras,https://picsum.photos/458/163,892.246.7290x1087,LGBTQ_Plus,2025-08-23T15:31:25.512469+00:00,2025-08-23T15:31:25.512469+00:00
28,7d8ad3ce-c5d9-41,Vanessa,Wilkins,https://dummyimage.com/413x511,599-851-8234,Undefined,2025-08-23T15:31:25.512469+00:00,2025-08-23T15:31:25.512469+00:00
29,9158c04c-6e6d-46,Julie,Santana,https://placekitten.com/123/117,001-327-286-2281,LGBTQ_Plus,2025-08-23T15:31:25.512469+00:00,2025-08-23T15:31:25.512469+00:00
30,1844c0cc-1f87-40,Jay,Wells,https://dummyimage.com/684x883,963.565.4540,LGBTQ_Plus,2025-08-23T15:31:25.512469+00:00,2025-08-23T15:31:25.512469+00:00
31,b6c6651f-28cd-42,Virginia,Jones,https://dummyimage.com/273x383,001-342-349-1808x353,LGBTQ_Plus,2025-08-23T15:31:25.512469+00:00,2025-08-23T15:31:25.512469+00:00
32,5ce8e201-75e5-41,Austin,Escobar,https://dummyimage.com/778x465,001-414-583-4595x614,Undefined,2025-08-23T15:31:25.512469+00:00,2025-08-23T15:31:25.512469+00:00
33,47f08098-e225-40,Mark,Hunt,https://dummyimage.com/42x295,(469)899-7890,LGBTQ_Plus,2025-08-23T15:31:25.512469+00:00,2025-08-23T15:31:25.512469+00:00
34,de26f623-7575-45,Travis,Burton,https://placekitten.com/135/914,(467)274-7654x164,LGBTQ_Plus,2025-08-23T15:31:25.512469+00:00,2025-08-23T15:31:25.512469+00:00
35,4823ff3b-0135-4a,Jeffrey,Wilson,https://placekitten.com/621/256,703-979-7946,Undefined,2025-08-23T15:31:25.512469+00:00,2025-08-23T15:31:25.512469+00:00
36,ad84da92-9002-4a,Mercedes,Branch,https://dummyimage.com/931x674,471.482.1542x09870,Undefined,2025-08-23T15:31:25.512469+00:00,2025-08-23T15:31:25.512469+00:00
37,9e01a8bd-af83-49,Debra,Berg,https://placekitten.com/647/838,(309)491-1056x825,Undefined,2025-08-23T15:31:25.512469+00:00,2025-08-23T15:31:25.512469+00:00
38,bba2ca06-2c81-46,Holly,Burns,https://picsum.photos/291/312,+1-419-273-8534x030,Undefined,2025-08-23T15:31:25.512469+00:00,2025-08-23T15:31:25.512469+00:00
39,82f3e4f5-9461-4c,Nathan,Thompson,https://dummyimage.com/107x234,261.408.0773,Undefined,2025-08-23T15:31:25.512469+00:00,2025-08-23T15:31:25.512469+00:00
40,b49114a8-7290-4f,Michael,Evans,https://dummyimage.com/882x459,001-946-329-3564,Undefined,2025-08-23T15:31:25.512469+00:00,2025-08-23T15:31:25.512469+00:00
41,98cb75aa-8273-4f,Katrina,Flores,https://picsum.photos/93/558,(344)448-1317x96950,Female,2025-08-23T15:31:25.512469+00:00,2025-08-23T15:31:25.512469+00:00
42,3ebed5fa-71d1-4e,Javier,Hill,https://dummyimage.com/767x274,+1-672-498-7663x6573,LGBTQ_Plus,2025-08-23T15:31:25.512469+00:00,2025-08-23T15:31:25.512469+00:00
43,60bd6363-ad31-4d,Austin,Williams,https://placekitten.com/743/506,641.384.2933x74279,Male,2025-08-23T15:31:25.512469+00:00,2025-08-23T15:31:25.512469+00:00
44,145565ea-42bb-41,Cory,Dunn,https://placekitten.com/742/931,672.285.5648,Female,2025-08-23T15:31:25.512469+00:00,2025-08-23T15:31:25.512469+00:00
45,892c3e8b-e5d9-4a,Kelly,Martin,https://picsum.photos/949/937,+1-899-562-6875,Male,2025-08-23T15:31:25.512469+00:00,2025-08-23T15:31:25.512469+00:00
46,16b5e13e-5b84-42,Courtney,Garcia,https://placekitten.com/460/911,(450)789-2967x1887,Female,2025-08-23T15:31:25.512469+00:00,2025-08-23T15:31:25.512469+00:00
47,4ea6f702-6b3c-40,Justin,Gillespie,https://dummyimage.com/317x485,+1-526-544-5692x6474,Undefined,2025-08-23T15:31:25.512469+00:00,2025-08-23T15:31:25.512469+00:00
48,d38cec2f-f2a0-43,Madeline,Martin,https://picsum.photos/731/651,3489726256,Male,2025-08-23T15:31:25.512469+00:00,2025-08-23T15:31:25.512469+00:00
49,3c2db495-8ec4-4d,Suzanne,Miller,https://picsum.photos/801/129,851-873-4939,Undefined,2025-08-23T15:31:25.512469+00:00,2025-08-23T15:31:25.512469+00:00
50,0de3c5e9-fb30-49,Lindsey,Harris,https://picsum.photos/813/1018,+1-416-616-5961,Male,2025-08-23T15:31:25.512469+00:00,2025-08-23T15:31:25.512469+00:00
51,40699cfb-94f1-4e,Franklin,Guzman,https://dummyimage.com/265x882,536.952.6215x22610,Male,2025-08-23T15:31:25.512469+00:00,2025-08-23T15:31:25.512469+00:00
52,8ab138ab-7933-45,Dennis,Parker,https://picsum.photos/367/896,(444)462-1288,Male,2025-08-23T15:31:25.512469+00:00,2025-08-23T15:31:25.512469+00:00
53,263d7a1f-016d-4f,Taylor,Jenkins,https://picsum.photos/727/663,+1-964-503-2635,Female,2025-08-23T15:31:25.512469+00:00,2025-08-23T15:31:25.512469+00:00
54,f4e4e5a3-f2c0-4f,Thomas,Powell,https://picsum.photos/209/813,(486)252-6170x8527,Undefined,2025-08-23T15:31:25.512469+00:00,2025-08-23T15:31:25.512469+00:00
55,88dc14eb-0b83-43,Kelly,Kidd,https://dummyimage.com/826x454,001-971-963-4360,Undefined,2025-08-23T15:31:25.512469+00:00,2025-08-23T15:31:25.512469+00:00
56,dc0c8cf2-1b18-48,Robert,Cuevas,https://picsum.photos/240/489,614.233.1002x27516,Female,2025-08-23T15:31:25.512469+00:00,2025-08-23T15:31:25.512469+00:00
57,39f009b5-f599-47,Michele,Schmitt,https://placekitten.com/895/407,+1-561-543-9160x282,Male,2025-08-23T15:31:25.512469+00:00,2025-08-23T15:31:25.512469+00:00
58,f59af53c-1af4-46,Mary,Jackson,https://picsum.photos/681/273,646-337-2537,Female,2025-08-23T15:31:25.512469+00:00,2025-08-23T15:31:25.512469+00:00
59,142b2e97-b30e-41,Francisco,Williams,https://picsum.photos/666/350,(203)337-1601,Undefined,2025-08-23T15:31:25.512469+00:00,2025-08-23T15:31:25.512469+00:00
60,3c35618d-8c93-44,Stacey,Hunt,https://picsum.photos/97/904,001-533-560-6324x162,LGBTQ_Plus,2025-08-23T15:31:25.512469+00:00,2025-08-23T15:31:25.512469+00:00
61,9b17c491-b22c-4f,Karl,Quinn,https://dummyimage.com/625x33,(730)539-2362,LGBTQ_Plus,2025-08-23T15:31:25.512469+00:00,2025-08-23T15:31:25.512469+00:00
62,4fb1a602-9091-47,Jack,Dean,https://picsum.photos/878/712,+1-624-493-9705,Male,2025-08-23T15:31:25.512469+00:00,2025-08-23T15:31:25.512469+00:00
63,65254b84-9ddb-4e,Maureen,Mcdonald,https://dummyimage.com/929x509,+1-500-926-8225x9845,Female,2025-08-23T15:31:25.512469+00:00,2025-08-23T15:31:25.512469+00:00
64,85972ff6-4da1-4f,Paul,Bartlett,https://dummyimage.com/806x152,+1-910-224-8777,Male,2025-08-23T15:31:25.512469+00:00,2025-08-23T15:31:25.512469+00:00
65,169f4620-cd83-41,Wesley,Romero,https://placekitten.com/749/832,864-953-2185,Undefined,2025-08-23T15:31:25.512469+00:00,2025-08-23T15:31:25.512469+00:00
66,c95b609e-3c76-43,Mario,Green,https://picsum.photos/654/195,391-561-5403x80562,LGBTQ_Plus,2025-08-23T15:31:25.512469+00:00,2025-08-23T15:31:25.512469+00:00
67,acd0fc06-acd4-4f,Erin,Martinez,https://dummyimage.com/966x825,9948232315,Male,2025-08-23T15:31:25.512469+00:00,2025-08-23T15:31:25.512469+00:00
68,9a074aec-ba53-45,Sean,Le,https://dummyimage.com/87x681,262-565-7989x1764,LGBTQ_Plus,2025-08-23T15:31:25.512469+00:00,2025-08-23T15:31:25.512469+00:00
69,d3dc79a4-d3c6-46,Mark,Dixon,https://placekitten.com/458/818,611-563-4908,Undefined,2025-08-23T15:31:25.512469+00:00,2025-08-23T15:31:25.512469+00:00
70,6c1d33f8-80b4-4d,Kristen,King,https://picsum.photos/77/532,001-524-871-5268x478,Female,2025-08-23T15:31:25.512469+00:00,2025-08-23T15:31:25.512469+00:00
71,edefbe4e-b744-4d,John,Williams,https://placekitten.com/734/232,(963)480-1700x71221,Female,2025-08-23T15:31:25.512469+00:00,2025-08-23T15:31:25.512469+00:00
72,f3668d1c-eac4-4d,Mary,Steele,https://dummyimage.com/671x251,6078880697,LGBTQ_Plus,2025-08-23T15:31:25.512469+00:00,2025-08-23T15:31:25.512469+00:00
73,67af4964-b7be-47,Julie,Adams,https://dummyimage.com/776x226,(818)238-8975,Undefined,2025-08-23T15:31:25.512469+00:00,2025-08-23T15:31:25.512469+00:00
74,972ff7ff-0979-4c,Adrian,White,https://placekitten.com/0/826,325.309.9278x465,Female,2025-08-23T15:31:25.512469+00:00,2025-08-23T15:31:25.512469+00:00
75,91075a35-181d-43,Olivia,Davis,https://placekitten.com/1020/96,8009123631,Female,2025-08-23T15:31:25.512469+00:00,2025-08-23T15:31:25.512469+00:00
76,004dfbde-1b54-4f,Kimberly,Thompson,https://picsum.photos/812/58,8543212349,LGBTQ_Plus,2025-08-23T15:31:25.512469+00:00,2025-08-23T15:31:25.512469+00:00
77,8e5f32e2-b064-47,Rachel,Turner,https://picsum.photos/467/451,3753328606,Female,2025-08-23T15:31:25.512469+00:00,2025-08-23T15:31:25.512469+00:00
78,f3a1e03b-2d5f-45,William,Curtis,https://placekitten.com/839/651,001-961-896-0262x459,LGBTQ_Plus,2025-08-23T15:31:25.512469+00:00,2025-08-23T15:31:25.512469+00:00
79,d619993b-feaf-46,Valerie,Hall,https://picsum.photos/377/498,725.834.1018x74821,Undefined,2025-08-23T15:31:25.512469+00:00,2025-08-23T15:31:25.512469+00:00
80,9d4d039b-f19f-4f,Alyssa,Roberts,https://dummyimage.com/473x248,(955)576-5846x799,Male,2025-08-23T15:31:25.512469+00:00,2025-08-23T15:31:25.512469+00:00
81,27f51885-7c48-44,Henry,Campbell,https://dummyimage.com/581x433,211-694-0077x8805,Undefined,2025-08-23T15:31:25.512469+00:00,2025-08-23T15:31:25.512469+00:00
82,7e7e46f3-bbe5-4b,Amanda,Stewart,https://placekitten.com/688/637,585.507.3798x579,Female,2025-08-23T15:31:25.512469+00:00,2025-08-23T15:31:25.512469+00:00
83,63162ab2-044a-43,Joel,Shields,https://dummyimage.com/26x489,(952)552-5755x76890,Male,2025-08-23T15:31:25.512469+00:00,2025-08-23T15:31:25.512469+00:00
84,f799845e-05b3-4c,Michael,Sanchez,https://placekitten.com/685/511,+1-518-403-4341x1669,LGBTQ_Plus,2025-08-23T15:31:25.512469+00:00,2025-08-23T15:31:25.512469+00:00
85,778020c5-98a8-4d,Aaron,Meyer,https://picsum.photos/1023/510,001-867-383-4492x484,Undefined,2025-08-23T15:31:25.512469+00:00,2025-08-23T15:31:25.512469+00:00
86,dc8d576f-727d-47,Justin,Bryant,https://placekitten.com/909/376,883.710.2576,Female,2025-08-23T15:31:25.512469+00:00,2025-08-23T15:31:25.512469+00:00
87,d1eaa856-6729-46,James,Delacruz,https://placekitten.com/379/639,715.912.5768x0930,Male,2025-08-23T15:31:25.512469+00:00,2025-08-23T15:31:25.512469+00:00
88,c18dc416-748a-43,Kelly,Williamson,https://dummyimage.com/691x401,323-746-8489x53674,Male,2025-08-23T15:31:25.512469+00:00,2025-08-23T15:31:25.512469+00:00
89,ce13417c-5591-4b,Melanie,Davis,https://placekitten.com/392/680,001-818-279-8824x300,Undefined,2025-08-23T15:31:25.512469+00:00,2025-08-23T15:31:25.512469+00:00
90,40463147-b0ef-4d,Benjamin,Harper,https://picsum.photos/649/518,(597)312-7587,LGBTQ_Plus,2025-08-23T15:31:25.512469+00:00,2025-08-23T15:31:25.512469+00:00
91,b9df4325-2122-4a,Kenneth,Little,https://picsum.photos/688/986,+1-894-841-1342x9193,Female,2025-08-23T15:31:25.512469+00:00,2025-08-23T15:31:25.512469+00:00
92,0f02b400-f022-40,Adam,Andrews,https://placekitten.com/28/174,001-629-968-5402x090,Undefined,2025-08-23T15:31:25.512469+00:00,2025-08-23T15:31:25.512469+00:00
93,0d67a472-28b5-41,Thomas,Le,https://dummyimage.com/173x631,(568)471-7282,LGBTQ_Plus,2025-08-23T15:31:25.512469+00:00,2025-08-23T15:31:25.512469+00:00
94,5b725f81-77c4-4c,Cynthia,Harris,https://picsum.photos/788/504,(745)900-9372,LGBTQ_Plus,2025-08-23T15:31:25.512469+00:00,2025-08-23T15:31:25.512469+00:00
95,7a71f2e7-fde3-45,David,Curry,https://picsum.photos/30/681,+1-254-727-8996x6667,Female,2025-08-23T15:31:25.512469+00:00,2025-08-23T15:31:25.512469+00:00
96,e101f4ae-560c-41,Danielle,Ellis,https://picsum.photos/1023/121,3047383996,Male,2025-08-23T15:31:25.512469+00:00,2025-08-23T15:31:25.512469+00:00
97,19e5d2f4-0679-42,Amy,Rowland,https://placekitten.com/442/1018,6857882291,Female,2025-08-23T15:31:25.512469+00:00,2025-08-23T15:31:25.512469+00:00
98,8e9203d4-31ab-47,Logan,Lloyd,https://picsum.photos/846/1018,909-283-3307x502,Male,2025-08-23T15:31:25.512469+00:00,2025-08-23T15:31:25.512469+00:00
99,4d2b673a-cbae-4f,Kelsey,Hicks,https://placekitten.com/766/562,+1-632-570-0803x0123,Undefined,2025-08-23T15:31:25.512469+00:00,2025-08-23T15:31:25.512469+00:00
100,8f5ef0ba-a80f-4f,Ryan,Howe,https://placekitten.com/762/516,(295)332-1376x274,Undefined,2025-08-23T15:31:25.512469+00:00,2025-08-23T15:31:25.512469+00:00
101,235ecac3-7667-4d,Phillip,Moyer,https://placekitten.com/22/838,6496949236,LGBTQ_Plus,2025-08-23T15:31:25.512469+00:00,2025-08-23T15:31:25.512469+00:00
102,f3aae782-b5cb-47,Michael,Lee,https://dummyimage.com/243x892,715.598.4983,LGBTQ_Plus,2025-08-23T15:31:25.512469+00:00,2025-08-23T15:31:25.512469+00:00
103,07ddf100-386b-47,Stephanie,Welch,https://picsum.photos/52/545,2637418766,Undefined,2025-08-23T15:31:25.512469+00:00,2025-08-23T15:31:25.512469+00:00
104,301c97a3-48cb-48,Stacey,Nichols,https://picsum.photos/57/175,(839)258-7359x8406,Undefined,2025-08-23T15:31:25.512469+00:00,2025-08-23T15:31:25.512469+00:00
105,76cd6dc2-83c9-45,Dana,Guzman,https://dummyimage.com/628x775,(368)646-7968x911,Male,2025-08-23T15:31:25.512469+00:00,2025-08-23T15:31:25.512469+00:00
106,b892e947-9618-48,Brooke,Woods,https://picsum.photos/707/288,426.671.8273x5940,Undefined,2025-08-23T15:31:25.512469+00:00,2025-08-23T15:31:25.512469+00:00
107,6199c2b9-2834-4a,Heather,Thomas,https://picsum.photos/680/456,001-291-219-3736x087,LGBTQ_Plus,2025-08-23T15:31:25.512469+00:00,2025-08-23T15:31:25.512469+00:00
108,0cc593b6-049c-42,Mary,Nolan,https://placekitten.com/201/537,995-214-3012,Male,2025-08-23T15:31:25.512469+00:00,2025-08-23T15:31:25.512469+00:00
109,45a6f137-a028-45,Kristopher,Young,https://picsum.photos/288/471,001-453-994-4823x404,LGBTQ_Plus,2025-08-23T15:31:25.512469+00:00,2025-08-23T15:31:25.512469+00:00
110,6c927065-bc27-43,Jose,Hughes,https://dummyimage.com/972x496,382-596-2727x02706,Female,2025-08-23T15:31:25.512469+00:00,2025-08-23T15:31:25.512469+00:00
111,acb08e03-1c89-40,Tara,Green,https://placekitten.com/255/592,(366)329-4397x44400,LGBTQ_Plus,2025-08-23T15:31:25.512469+00:00,2025-08-23T15:31:25.512469+00:00
112,1f947885-9d32-48,Daniel,Martinez,https://picsum.photos/349/65,(823)349-1935,Female,2025-08-23T15:31:25.512469+00:00,2025-08-23T15:31:25.512469+00:00
113,cb2903f2-8fd6-46,Eric,Evans,https://picsum.photos/656/66,001-331-516-2766x381,LGBTQ_Plus,2025-08-23T15:31:25.512469+00:00,2025-08-23T15:31:25.512469+00:00
114,cdafbda0-19da-49,John,Ward,https://picsum.photos/874/98,001-347-745-0815x129,LGBTQ_Plus,2025-08-23T15:31:25.512469+00:00,2025-08-23T15:31:25.512469+00:00
115,64ee5b28-e48d-48,Joanne,Hawkins,https://placekitten.com/130/946,+1-786-868-4537x719,Undefined,2025-08-23T15:31:25.512469+00:00,2025-08-23T15:31:25.512469+00:00
116,320ba51f-08f2-4b,Emily,Mullins,https://picsum.photos/393/397,273-596-7920x63441,Female,2025-08-23T15:31:25.512469+00:00,2025-08-23T15:31:25.512469+00:00
117,b7418a55-7168-4f,Derrick,Keller,https://placekitten.com/819/805,001-574-877-0711x340,Male,2025-08-23T15:31:25.512469+00:00,2025-08-23T15:31:25.512469+00:00
118,ed99c2bd-5e66-49,Sheena,Johnson,https://picsum.photos/474/652,634.841.2125,Undefined,2025-08-23T15:31:25.512469+00:00,2025-08-23T15:31:25.512469+00:00
119,adadf455-e98f-4d,Sabrina,Porter,https://dummyimage.com/215x999,705.666.0370,LGBTQ_Plus,2025-08-23T15:31:25.512469+00:00,2025-08-23T15:31:25.512469+00:00
120,9f0a5c6d-1596-41,Derek,Lewis,https://dummyimage.com/429x757,(839)477-8775x1672,Female,2025-08-23T15:31:25.512469+00:00,2025-08-23T15:31:25.512469+00:00
121,29c293db-3b7b-46,Alison,Miller,https://dummyimage.com/250x684,+1-783-600-5834x542,Male,2025-08-23T15:31:25.512469+00:00,2025-08-23T15:31:25.512469+00:00
122,1e6539bb-5eb8-47,Karen,Calderon,https://dummyimage.com/652x70,518.391.5829x128,Male,2025-08-23T15:31:25.512469+00:00,2025-08-23T15:31:25.512469+00:00
123,9447429b-0c3f-4f,Christy,Grant,https://dummyimage.com/439x567,413-759-3691,Undefined,2025-08-23T15:31:25.512469+00:00,2025-08-23T15:31:25.512469+00:00
124,19ab1cad-4f7d-4f,Daniel,Hebert,https://dummyimage.com/954x47,554.815.8017x32935,Male,2025-08-23T15:31:25.512469+00:00,2025-08-23T15:31:25.512469+00:00
125,7e2dd4d1-1b5a-4c,Amber,Mccoy,https://dummyimage.com/925x63,001-996-316-6724x207,LGBTQ_Plus,2025-08-23T15:31:25.512469+00:00,2025-08-23T15:31:25.512469+00:00
126,8b1c3378-d27a-4f,Bryan,Ingram,https://placekitten.com/862/630,(937)486-4406x3288,Female,2025-08-23T15:31:25.512469+00:00,2025-08-23T15:31:25.512469+00:00
127,85fb801d-6014-40,Nicole,Hamilton,https://placekitten.com/456/679,402-735-7574x804,LGBTQ_Plus,2025-08-23T15:31:25.512469+00:00,2025-08-23T15:31:25.512469+00:00
128,f4ccd085-aaea-4a,Jesse,Torres,https://picsum.photos/431/684,+1-913-715-4880,Female,2025-08-23T15:31:25.512469+00:00,2025-08-23T15:31:25.512469+00:00
129,664ac1ef-e147-41,Daniel,Scott,https://dummyimage.com/178x561,541-295-3208,LGBTQ_Plus,2025-08-23T15:31:25.512469+00:00,2025-08-23T15:31:25.512469+00:00
130,f9982b73-3ba3-4c,Erika,Taylor,https://placekitten.com/299/1014,+1-442-308-2698x690,Male,2025-08-23T15:31:25.512469+00:00,2025-08-23T15:31:25.512469+00:00
131,eef5a8e6-7f98-42,Dalton,Mccarthy,https://placekitten.com/529/1003,+1-308-319-1592x4123,Male,2025-08-23T15:31:25.512469+00:00,2025-08-23T15:31:25.512469+00:00
132,d2f7621a-062b-40,Mary,Brown,https://placekitten.com/719/157,+1-791-598-3966x1335,LGBTQ_Plus,2025-08-23T15:31:25.512469+00:00,2025-08-23T15:31:25.512469+00:00
133,08c7187f-027e-47,Andrea,Edwards,https://picsum.photos/588/335,292-559-8677,Female,2025-08-23T15:31:25.512469+00:00,2025-08-23T15:31:25.512469+00:00
134,719f8532-aabc-47,Nicholas,George,https://dummyimage.com/606x944,(398)540-7836,Female,2025-08-23T15:31:25.512469+00:00,2025-08-23T15:31:25.512469+00:00
135,ee43f081-8826-43,Amanda,Rivera,https://picsum.photos/720/73,4998731815,Female,2025-08-23T15:31:25.512469+00:00,2025-08-23T15:31:25.512469+00:00
136,501841ef-ba97-47,Lindsay,Alexander,https://placekitten.com/555/287,673-406-4949x3132,Undefined,2025-08-23T15:31:25.512469+00:00,2025-08-23T15:31:25.512469+00:00
137,56ecc7a6-0b75-44,Courtney,Glenn,https://placekitten.com/545/890,347.684.4332,Undefined,2025-08-23T15:31:25.512469+00:00,2025-08-23T15:31:25.512469+00:00
138,3a671d44-922b-49,Jennifer,Carter,https://dummyimage.com/317x776,897.954.6306x00315,Male,2025-08-23T15:31:25.512469+00:00,2025-08-23T15:31:25.512469+00:00
139,0a6e2efc-d73f-45,Sergio,Maxwell,https://placekitten.com/909/163,001-366-560-7459x748,Male,2025-08-23T15:31:25.512469+00:00,2025-08-23T15:31:25.512469+00:00
140,2b3da390-6834-43,Cody,Griffin,https://picsum.photos/273/672,+1-416-554-6668x517,LGBTQ_Plus,2025-08-23T15:31:25.512469+00:00,2025-08-23T15:31:25.512469+00:00
141,fadb62ea-554a-4c,Steven,Clark,https://placekitten.com/86/132,3954085587,Undefined,2025-08-23T15:31:25.512469+00:00,2025-08-23T15:31:25.512469+00:00
142,73badde2-6501-4a,Paula,Horn,https://picsum.photos/122/830,240.305.4626x866,Undefined,2025-08-23T15:31:25.512469+00:00,2025-08-23T15:31:25.512469+00:00
143,1537b953-6c1d-4a,Brittney,Manning,https://placekitten.com/981/920,001-276-463-5762x517,Male,2025-08-23T15:31:25.512469+00:00,2025-08-23T15:31:25.512469+00:00
144,1532d14e-29a3-4e,Anita,Bautista,https://placekitten.com/420/134,001-528-722-0496,Undefined,2025-08-23T15:31:25.512469+00:00,2025-08-23T15:31:25.512469+00:00
145,84e363d3-a4b0-49,Tracey,Floyd,https://picsum.photos/124/872,440.912.4664x724,Female,2025-08-23T15:31:25.512469+00:00,2025-08-23T15:31:25.512469+00:00
146,00cd3ff2-8677-41,Benjamin,Ramirez,https://dummyimage.com/361x924,8935001137,Male,2025-08-23T15:31:25.512469+00:00,2025-08-23T15:31:25.512469+00:00
147,cb6fa230-22eb-44,William,Sandoval,https://picsum.photos/569/897,2364820842,Male,2025-08-23T15:31:25.512469+00:00,2025-08-23T15:31:25.512469+00:00
148,b70634c4-382d-40,Patricia,Bass,https://picsum.photos/379/358,3257418915,Male,2025-08-23T15:31:25.512469+00:00,2025-08-23T15:31:25.512469+00:00
149,9d47d852-0bc3-4e,Christian,Herrera,https://dummyimage.com/5x196,566-817-1912x6479,Male,2025-08-23T15:31:25.512469+00:00,2025-08-23T15:31:25.512469+00:00
150,2a340c0c-66e2-48,Antonio,Herrera,https://dummyimage.com/686x692,293.640.8654x7248,Male,2025-08-23T15:31:25.512469+00:00,2025-08-23T15:31:25.512469+00:00
151,f5ef362c-9d94-40,Christine,Perkins,https://picsum.photos/168/645,535.497.4165,Undefined,2025-08-23T15:31:25.512469+00:00,2025-08-23T15:31:25.512469+00:00
152,9c780e7c-90fc-4f,Alicia,Miranda,https://placekitten.com/807/907,(202)716-8000,Female,2025-08-23T15:31:25.512469+00:00,2025-08-23T15:31:25.512469+00:00
153,1a4e30cd-5b78-41,Angela,Lynn,https://placekitten.com/212/126,991-780-3888,Female,2025-08-23T15:31:25.512469+00:00,2025-08-23T15:31:25.512469+00:00
154,31439e6c-93f7-4e,Connie,Reid,https://picsum.photos/873/148,001-255-448-9519x758,Female,2025-08-23T15:31:25.512469+00:00,2025-08-23T15:31:25.512469+00:00
155,95c58636-2817-4a,Catherine,Weber,https://placekitten.com/529/941,001-770-687-2688x511,Male,2025-08-23T15:31:25.512469+00:00,2025-08-23T15:31:25.512469+00:00
156,d4a9fe79-228f-45,Lisa,Allison,https://dummyimage.com/565x300,215.899.2915x760,Female,2025-08-23T15:31:25.512469+00:00,2025-08-23T15:31:25.512469+00:00
157,0056821f-fd7e-48,Jose,Key,https://dummyimage.com/801x315,758-459-1828,LGBTQ_Plus,2025-08-23T15:31:25.512469+00:00,2025-08-23T15:31:25.512469+00:00
158,7b0ecf15-b153-42,Gerald,Briggs,https://picsum.photos/1006/615,905-633-7554x56410,Undefined,2025-08-23T15:31:25.512469+00:00,2025-08-23T15:31:25.512469+00:00
159,b20a91e5-4157-44,Lawrence,Anderson,https://dummyimage.com/713x461,+1-827-404-1078,Female,2025-08-23T15:31:25.512469+00:00,2025-08-23T15:31:25.512469+00:00
160,4e2456b1-fd7b-47,Christopher,Floyd,https://dummyimage.com/784x757,408-549-7091x04800,Undefined,2025-08-23T15:31:25.512469+00:00,2025-08-23T15:31:25.512469+00:00
